"conversation_id_str","created_at","favorite_count","full_text","id_str","image_url","in_reply_to_screen_name","lang","location","quote_count","reply_count","retweet_count","tweet_url","user_id_str","username"
"1988571137094385723","Wed Nov 12 11:38:58 +0000 2025","0","@mumualoha Iya mas. Omong kosong twitter gak bakal bikin biaya sekolah jadi murah atau beras turun harga.","1988572222521491854","","mumualoha","in","","0","0","0","https://x.com/undefined/status/1988572222521491854","233421923",
"1988555354842501203","Wed Nov 12 10:31:56 +0000 2025","0","Kunjungan tim Satgas pengendaliaan harga beras ke kab. Merangin dan kab. Sarolangun. 11 November 2025. https://t.co/susWz32kQo","1988555354842501203","https://pbs.twimg.com/media/G5jEjRNbgAEX-uc.jpg","","in","","0","0","0","https://x.com/undefined/status/1988555354842501203","1432181802551037953",
"1988464611952312424","Wed Nov 12 10:26:13 +0000 2025","0","@trader_mba @NewsBFM Why? You lost all the privileges you had before and now grumbling in twitter ?! Madani government is much better than you perikatan. Harga minyak masak telur ayam beras semua naik angkara hoarding essential items oleh geng PN. Isu kpg baru pun angkara PN","1988553914333999326","","trader_mba","in","","0","0","0","https://x.com/undefined/status/1988553914333999326","134015548",
"1988532406563770852","Wed Nov 12 09:00:45 +0000 2025","0","Inflasi Oktober 2025 turun ke 2 1%. Harga beras stabil BBM nonsubsidi turun Rp500/liter. Peluang bisnis kuliner &amp; transportasi online makin terbuka. Siapkan modal! #InflasiIndonesia","1988532406563770852","","","in","","0","0","0","https://x.com/undefined/status/1988532406563770852","1958243039715184640",
"1988532224975880479","Wed Nov 12 09:00:02 +0000 2025","0","Satgas Beras Polda Metro Jaya cek harga beras di 61 titik https://t.co/R1e185Xk0o","1988532224975880479","","","in","","0","0","0","https://x.com/undefined/status/1988532224975880479","121640063",
"1988446182042202583","Wed Nov 12 08:42:36 +0000 2025","2","@Scorpio_1420 ramah tidak menurunkan harga beras wkwk","1988527838320799897","","Scorpio_1420","in","","0","2","0","https://x.com/undefined/status/1988527838320799897","1318898570779447296",
"1988527278158966922","Wed Nov 12 08:40:22 +0000 2025","0","Demi beras anak raja harga normal gue rela belanja di bandung dan nambah bayar ongkir 20rb (tetep lebih murah dibanding di jkt 95-110rb) https://t.co/4a18up27iO","1988527278158966922","https://pbs.twimg.com/media/G5irA-baUAAwfn4.jpg","","in","","0","1","0","https://x.com/undefined/status/1988527278158966922","1944239331692228611",
"1988522382836068822","Wed Nov 12 08:20:55 +0000 2025","4","Untuk kesekian kalinya Kapolsek Tabanan bersama anggota menyalurkan beras Stabilisasi Pasokan dan Harga Pangan (SPHP) hasil kolaborasi antara Polres Tabanan dengan Bulog Kediri Tabanan berlokasi di Desa Sudimara Kabupaten Tabanan Rabu 12 November 2025 pukul 10.00 WITA. https://t.co/ykeml6UmBd","1988522382836068822","https://pbs.twimg.com/media/G5imkYGbUAAmW2N.jpg","","in","","0","1","0","https://x.com/undefined/status/1988522382836068822","1605096831280902144",
"1988504677756067993","Wed Nov 12 07:10:34 +0000 2025","0","Polsek Tembuku melaksanakan Gerakan Pangan Murah Beras SPHP di Desa Peninjoan Tembuku. Kegiatan yang dipimpin oleh Wakapolsek Ipda Gede Artha Wijaya ini bertujuan membantu masyarakat mendapatkan beras dengan harga terjangkau sekaligus mendukung program stabilisasi harga https://t.co/iEe1bQOhL2","1988504677756067993","https://pbs.twimg.com/media/G5iWdRtbcAE3AYb.jpg","","in","","0","0","0","https://x.com/undefined/status/1988504677756067993","1183947104147755010",
"1988486133995720969","Wed Nov 12 05:56:53 +0000 2025","1","Personel Polsek Sipirok melaksanakan pengecekan harga beras di Pasar Tradisional Kel. Pasar Sipirok guna memantau stabilitas harga kebutuhan pokok dan memastikan ketersediaan beras bagi masyarakat tetap aman. #PolresTapanuliSelatan #PolsekSipirok https://t.co/EXB1el0bVu","1988486133995720969","","","in","","0","0","0","https://x.com/undefined/status/1988486133995720969","1531598200749977601",
"1988484172290093121","Wed Nov 12 05:49:05 +0000 2025","0","Cek Tomu Rice Bucket food grade otomatis wadah beras anti lembab Dispenser beras One Touch food storage dengan harga Rp58.999. Dapatkan di Shopee sekarang! https://t.co/NNpvV75SYO https://t.co/HqGZaw1EPb","1988484172290093121","https://pbs.twimg.com/media/G5iDz7LbUAAwgDV.jpg","","in","","0","0","0","https://x.com/undefined/status/1988484172290093121","86890334",
"1988110261497290907","Wed Nov 12 05:13:47 +0000 2025","0","@Heraloebss Kereeen bobi para rayap itu adalah pemilih bobi bocah biadab mereka percaya bobi dan keluarga solo akan mensejahterakan mereka sambil menunggu mreka sejahtera krn bobi maka biar ga terlihat nganggur ya besi apa aja mreka makan dlu krn harga beras mahal harga besi lbh murah ","1988475287462703544","","Heraloebss","in","","0","0","0","https://x.com/undefined/status/1988475287462703544","1655562308813459456",
"1988468795518971921","Wed Nov 12 04:47:59 +0000 2025","1","Senin 12 November 2025 Polsek Tabukan Utara dan Polsek Mangsel laksanakan Kegiatan Polri untuk Masyarakat dalam bentuk Gerakan Pangan Murah (GPM). Kegiatan ini merupakan salah satu upaya Polri dalam menjaga stabilitas pasokan serta harga pangan beras di wilayah Kepl. Sangihe https://t.co/wG1J88r9p1","1988468795518971921","https://pbs.twimg.com/media/G5h11M5bcAMDCIF.jpg","","in","","0","0","0","https://x.com/undefined/status/1988468795518971921","1669194517071925248",
"1988467713304654220","Wed Nov 12 04:43:41 +0000 2025","0","Cek Dispenser Beras Otomatis &amp; Estetik - 5kg/10kg Wadah penyimpanan Beras Food Grade &amp; Anti Kutu dengan harga Rp97.830. Dapatkan di Shopee sekarang! https://t.co/62WHA4WcAG https://t.co/3n5ryRtCMc","1988467713304654220","https://pbs.twimg.com/media/G5h014vbcAQTjVz.jpg","","in","","0","0","0","https://x.com/undefined/status/1988467713304654220","222066661",
"1988465289919689147","Wed Nov 12 04:34:03 +0000 2025","0","Sidak Harga Beras Satgas Pangan Polda Bali Tak Temukan Beras Diatas HET Sebagai upaya dalam menjaga stabilitas harga dan memastikan ketersediaan pangan di Bali Satgas Pangan Polda Bali bersinergi dengan Instansi Terkait menggelar Sidak harga beras di pasar Tradisional https://t.co/XjOdyqZwCy","1988465289919689147","https://pbs.twimg.com/media/G5hyoGAb0AAj8j5.jpg","","in","","0","0","1","https://x.com/undefined/status/1988465289919689147","154783449",
"1988464991314616740","Wed Nov 12 04:32:52 +0000 2025","2","Polsek Tembuku melaksanakan Gerakan Pangan Murah Beras SPHP di Desa Peninjoan Tembuku. Kegiatan yang dipimpin oleh Wakapolsek ini bertujuan membantu masyarakat mendapatkan beras dengan harga terjangkau sekaligus mendukung program stabilisasi pasokan dan harga pangan. https://t.co/wkaD5RU0Sj","1988464991314616740","https://pbs.twimg.com/media/G5hyXu0bcAMERf3.jpg","","in","","0","0","0","https://x.com/undefined/status/1988464991314616740","1262287174227001344",
"1988464463364899096","Wed Nov 12 04:30:46 +0000 2025","2","Polsek Tembuku melaksanakan Gerakan Pangan Murah Beras SPHP di Desa Peninjoan Tembuku. Kegiatan ini bertujuan membantu masyarakat mendapatkan beras dengan harga terjangkau sekaligus mendukung program stabilisasi pasokan dan harga pangan. #polresbangli #poldabali https://t.co/Rph0DfImrT","1988464463364899096","https://pbs.twimg.com/media/G5hxv34bcAEu5Ev.jpg","","in","","0","0","1","https://x.com/undefined/status/1988464463364899096","1868837912374329344",
"1988456762857628157","Wed Nov 12 04:00:10 +0000 2025","0","Personel Polsek Sipirok melaksanakan pengecekan harga beras di Pasar Tradisional Kel. Pasar Sipirok guna memantau stabilitas harga kebutuhan pokok dan memastikan ketersediaan beras bagi masyarakat tetap aman. #PolresTapanuliSelatan #PolsekSipirok #PolriPresisi #Kamtibmas https://t.co/LjLcmj4mYo","1988456762857628157","https://pbs.twimg.com/media/G5hq4zTbcAMd8_d.jpg","","in","","0","0","0","https://x.com/undefined/status/1988456762857628157","1838490773643485184",
"1988444765038538815","Wed Nov 12 03:56:29 +0000 2025","3","Jadi ketika pejabat berkoar kita swasembada pangan padahal yang dimaksud hanya lagi panen raya padi itu namanya tai ledig. Swasembada pangan menuntut keberlanjutan pasokan berbagai komoditas efisiensi distribusi stabilitas harga sampai ketahanan gizi rakyat. beras","1988455835455119725","","direktoridosen","in","","0","2","1","https://x.com/undefined/status/1988455835455119725","1901591046",
"1988453918943371424","Wed Nov 12 03:48:52 +0000 2025","0","Polres Fak-fak bersama Tim Bapanas laksanakan pengawasan Harga Beras sesuai dengan harga Enceran tertinggi di wilayah Kabupaten Fak-fak @ListyoSigitP @DivHumas_Polri #polriuntukmasyarakat https://t.co/rdy4jTxpNb","1988453918943371424","https://pbs.twimg.com/media/G5hoTBmaAAEo77s.jpg","","in","","0","0","0","https://x.com/undefined/status/1988453918943371424","745397756999524354",
"1988449519768662120","Wed Nov 12 03:31:23 +0000 2025","0","Personel Polsek Sipirok melaksanakan pengecekan harga beras di Pasar Tradisional Kel. Pasar Sipirok guna memantau stabilitas harga kebutuhan pokok dan memastikan ketersediaan beras bagi masyarakat tetap aman. #PolresTapanuliSelatan #PolsekSipirok #PolriPresisi https://t.co/7XrxVzVbLO","1988449519768662120","https://pbs.twimg.com/media/G5hkS2aa4AA23p_.jpg","","in","","0","0","0","https://x.com/undefined/status/1988449519768662120","1822674501437698048",
"1988445559242588311","Wed Nov 12 03:15:39 +0000 2025","0"," Gerakan Pasar Murah Beras SPHP Gerakan Pangan Murah di Bakorwil Bojonegoro. Bersama Bulog kita pastikan kebutuhan pangan masyarakat tetap tersedia dengan harga yang terjangkau. Yuk manfaatkan dan dukung gerakan ini demi pangan untuk semua https://t.co/eoGOk8QzER","1988445559242588311","https://pbs.twimg.com/ext_tw_video_thumb/1988445508118175744/pu/img/HaYd7qL5ZyJD_6Rm.jpg","","in","","0","0","0","https://x.com/undefined/status/1988445559242588311","1909524137699393536",
"1988424268611547429","Wed Nov 12 01:51:03 +0000 2025","0","Produksi Padi Bojonegoro Nomor Dua se-Jatim Harga Beras Berangsur Turun https://t.co/9qZGW9WLza","1988424268611547429","","","in","","0","0","0","https://x.com/undefined/status/1988424268611547429","2543030436",
"1988409574433730623","Wed Nov 12 00:52:40 +0000 2025","0","Harga 1 lot BBCA = harga 1 kwintal beras.","1988409574433730623","","","in","","0","0","0","https://x.com/undefined/status/1988409574433730623","391092810",
"1988403872474234932","Wed Nov 12 00:30:00 +0000 2025","0","Satgas Pangan Polda Metro Jaya Pastikan Beras Dijual Sesuai Harga Wajar https://t.co/EQGmXFme1B","1988403872474234932","","","in","","0","0","0","https://x.com/undefined/status/1988403872474234932","132078023",
"1987807516236103943","Tue Nov 11 23:06:01 +0000 2025","0","@B3doel___ Berarti dia pahlawan bagi rakyat bukan buat lo no problem. Krn rakyat happy waktu itu harga beras murah harga bensin murah ga ada antri sembako ato bbm biaya sekolah ato kuliah murah!!!","1988382738488103022","","B3doel___","in","","0","0","0","https://x.com/undefined/status/1988382738488103022","1620338553950699520",
"1988268099301441605","Tue Nov 11 15:30:34 +0000 2025","0","Masa Indah Soeharto terasa dari harga sembako yang stabil bahkan bahan pokok seperti beras dan minyak goreng selalu cukup di pasar tanpa kekurangan. Pahlawan Bukan Malaikat","1988268118066819253","","jami_wijaya","in","","0","1","0","https://x.com/undefined/status/1988268118066819253","1822827118285516800",
"1988262446466036106","Tue Nov 11 15:08:02 +0000 2025","0","Cek [SPESIAL] ANGOLA Rice Dispenser Otomatis E29-E31 Dispenser Beras Tempat Wadah Penyimpanan Beras Rice Bucket dengan harga Rp139.900. Dapatkan di Shopee sekarang! https://t.co/fN7oyVJlet https://t.co/YTZIorylxk","1988262446466036106","https://pbs.twimg.com/media/G5e6KAHbcAQfner.jpg","","in","","0","0","0","https://x.com/undefined/status/1988262446466036106","1655137554",
"1988262295626248308","Tue Nov 11 15:07:26 +0000 2025","0","Cek [GARANSI PECAH] ANGOLA Tempat Beras Anti Kutu dan Serangga 15KG E03/E04 Rice Bucket/Dispenser Beras dengan harga Rp54.812. Dapatkan di Shopee sekarang! https://t.co/D3GgznmrQ8 https://t.co/ynyM4X7JCg","1988262295626248308","https://pbs.twimg.com/media/G5e6BWcbIAAmHEi.jpg","","in","","0","0","0","https://x.com/undefined/status/1988262295626248308","1655137554",
"1988262236306211196","Tue Nov 11 15:07:11 +0000 2025","0","Cek [SPESIAL] ANGOLA Dispenser Beras E03-E24 Rice Dispenser Tempat Wadah Penyimpanan Beras Rice Bucket dengan harga Rp67.800. Dapatkan di Shopee sekarang! https://t.co/W5w8Slc15u https://t.co/qnczUk4JHh","1988262236306211196","https://pbs.twimg.com/media/G5e5944bQAAn-aG.jpg","","in","","0","0","0","https://x.com/undefined/status/1988262236306211196","1655137554",
"1988259401103515720","Tue Nov 11 14:55:55 +0000 2025","0","Kadang mikir kok orang tua suka banget cerita soal Masa Indah Soeharto ya? Tapi abis liat harga cabai sama beras sekarang kayaknya mereka gak lebay deh. Pahlawan Bukan Malaikat Zaman Sekarang ya Teddy bagus kerjanya https://t.co/XiYWxKnH9x","1988259401103515720","https://pbs.twimg.com/media/G5e3Y4HaMAArqCe.jpg","","in","","0","1","0","https://x.com/undefined/status/1988259401103515720","1018878157",
"1988235190561632683","Tue Nov 11 14:48:55 +0000 2025","0","Masa Indah Soeharto dikenal dengan rasa tenang di dapur rakyat Harga beras dan gula tak berubah tiba-tiba Kehidupan terasa pasti dari hari ke hari Pahlawan Bukan Malaikat","1988257637117599932","","Anggakemangga","in","","0","1","0","https://x.com/undefined/status/1988257637117599932","1813369769225236480",
"1988235330684846128","Tue Nov 11 14:44:00 +0000 2025","0","Beras gula minyak semua terjangkau di Masa Indah Soeharto Tak perlu promo tak perlu bantuan tunai Karena harga memang ramah rakyat Pahlawan Bukan Malaikat","1988256398203822301","","Andremanam","in","","0","0","0","https://x.com/undefined/status/1988256398203822301","1813109075481403392",
"1988235330684846128","Tue Nov 11 14:43:56 +0000 2025","0","Masa Indah Soeharto membuat ekonomi rumah tangga terasa aman Beras murah minyak stabil harga terjaga Kehidupan rakyat kecil diperhatikan sungguh-sungguh Pahlawan Bukan Malaikat","1988256382987235807","","Andremanam","in","","0","1","0","https://x.com/undefined/status/1988256382987235807","1813109075481403392",
"1988235389870723541","Tue Nov 11 14:40:53 +0000 2025","0","Petani makmur rakyat senang di Masa Indah Soeharto Harga beras dijaga pangan mandiri Keseimbangan ekonomi terjaga Pahlawan Bukan Malaikat","1988255615953891644","","Gemmariak","in","","0","1","0","https://x.com/undefined/status/1988255615953891644","1682086261433966598",
"1988235389870723541","Tue Nov 11 14:40:21 +0000 2025","0","Yang pernah merasakan Masa Indah Soeharto tahu betapa murahnya hidup BBM stabil harga beras terjangkau inflasi terkendali Ekonomi rakyat terasa nyata Pahlawan Bukan Malaikat","1988255482382061590","","Gemmariak","in","","0","1","0","https://x.com/undefined/status/1988255482382061590","1682086261433966598",
"1988250794798539227","Tue Nov 11 14:21:44 +0000 2025","0","Tidak perlu takut harga cabai melonjak atau beras langka. Pemerintah selalu kontrol lewat informasi resmi. Masa Indah Soeharto Pahlawan Bukan Malaikat https://t.co/ISlwRQZOGM","1988250794798539227","https://pbs.twimg.com/media/G5evjhBakAACNA_.jpg","","in","","0","0","0","https://x.com/undefined/status/1988250794798539227","1949245964486860800",
"1988249513363206345","Tue Nov 11 14:16:38 +0000 2025","0","Harga beras diumumkan tiap minggu bukan naik tiap hari. Itulah ketenangan rakyat di Masa Indah Soeharto Pahlawan Bukan Malaikat https://t.co/2HHpnWVLBm","1988249513363206345","https://pbs.twimg.com/media/G5euYm9bcAEhmm4.jpg","","in","","0","0","0","https://x.com/undefined/status/1988249513363206345","1941516567730139137",
"1988246579774406660","Tue Nov 11 14:04:59 +0000 2025","0","Harga Beras 2025: Satgas Polda Metro Jaya Kawal HET di Pasar Tradisional https://t.co/85ZusD8wBC","1988246579774406660","","","in","","0","0","0","https://x.com/undefined/status/1988246579774406660","1466815910518263808",
"1988246439995269260","Tue Nov 11 14:04:25 +0000 2025","0","Dulu hidup terasa sederhana tapi cukup. Beras murah minyak stabil dan harga diumumkan langsung di TV. Itulah salah satu ciri Masa Indah Soeharto Pahlawan Bukan Malaikat https://t.co/6rFjyXW6U2","1988246439995269260","https://pbs.twimg.com/media/G5erlwhaUAAW8fk.jpg","","in","","0","0","0","https://x.com/undefined/status/1988246439995269260","1938199488461668352",
"1988245286268137483","Tue Nov 11 13:59:56 +0000 2025","0","Masa Indah Soeharto membuat rakyat kecil merasakan hidup lebih tenang. Harga beras gula dan minyak diumumkan rutin di TV oleh Harmoko sehingga bisa dikontrol dan selalu terjangkau. Penghasilan sederhana tetap cukup untuk kebutuhan pokok. Pahlawan Bukan Malaikat","1988245310989365382","","daraSendiri9","in","","0","1","0","https://x.com/undefined/status/1988245310989365382","1939463766716141568",
"1988245286268137483","Tue Nov 11 13:59:50 +0000 2025","0","Masa Indah Soeharto membuat rakyat kecil merasakan hidup lebih tenang. Harga beras gula dan minyak diumumkan rutin di TV oleh Harmoko sehingga bisa dikontrol dan selalu terjangkau. Penghasilan sederhana tetap cukup untuk kebutuhan pokok. Pahlawan Bukan Malaikat https://t.co/CBcJ1YTP8u","1988245286268137483","https://pbs.twimg.com/media/G5eqimAbsAACdE0.jpg","","in","","0","1","0","https://x.com/undefined/status/1988245286268137483","1939463766716141568",
"1988244699203895761","Tue Nov 11 13:57:34 +0000 2025","0","Masa Indah Soeharto juga terlihat pada stabilitas ekonomi. Inflasi rendah dan harga kebutuhan pokok terkontrol. Rakyat kecil merasa aman untuk membeli beras minyak dan gula tanpa harus khawatir melonjaknya harga secara tiba-tiba. Pahlawan Bukan Malaikat","1988244716719104028","","julyy022","in","","0","1","0","https://x.com/undefined/status/1988244716719104028","1939466929565220864",
"1988244363491611066","Tue Nov 11 13:56:10 +0000 2025","0","1. Di Masa Indah Soeharto rakyat tahu harga beras gula n minyak tiap minggu krn diumumkan langsung di TV oleh Harmoko. Hidup terasa tenang karena harga2 terkontrol n stabil. Pahlawan Bukan Malaikat https://t.co/V8XL4LNdLT","1988244363491611066","https://pbs.twimg.com/media/G5eptGbbcAMpmje.jpg","","in","","0","1","0","https://x.com/undefined/status/1988244363491611066","1979698299256074240",
"1988244155295011324","Tue Nov 11 13:55:21 +0000 2025","0","Harga beras gula dan minyak diumumkan rutin sehingga rakyat bisa menyesuaikan belanja dengan mudah di Masa Indah Soeharto. Pahlawan Bukan Malaikat https://t.co/QToZuM17OX","1988244155295011324","","","in","","0","0","0","https://x.com/undefined/status/1988244155295011324","1985978562810429443",
"1988243982128738476","Tue Nov 11 13:54:39 +0000 2025","0","Masa Indah Soeharto membuat kebutuhan pokok rakyat selalu terjangkau belanja lebih mudah dan terkontrol. Pahlawan Bukan Malaikat https://t.co/2YQU94O5BT","1988243982128738476","","","in","","0","0","0","https://x.com/undefined/status/1988243982128738476","1983358397849448448",
"1988243827417588087","Tue Nov 11 13:54:02 +0000 2025","0","Beras gula minyak selalu diumumkan rutin di TV saat Masa Indah Soeharto membuat masyarakat bisa belanja dengan aman dan harga tetap terjangkau. Pahlawan Bukan Malaikat https://t.co/FTUSslLUoI","1988243827417588087","https://pbs.twimg.com/media/G5epMyIaEAAzPIg.jpg","","in","","0","0","0","https://x.com/undefined/status/1988243827417588087","1915594499675611137",
"1988243682290467047","Tue Nov 11 13:53:28 +0000 2025","0","Ingat zaman di mana meski gaji tak besar beras minyak gula selalu terbeli dengan mudah? Stabilitas harga adalah kunci Masa Indah Soeharto Pahlawan Bukan Malaikat","1988243682290467047","","","in","","0","0","0","https://x.com/undefined/status/1988243682290467047","809364478886223872",
"1988243633800442113","Tue Nov 11 13:53:16 +0000 2025","0","Masa Indah Soeharto terlihat saat rakyat bisa membeli beras gula dan minyak dengan harga terjangkau setiap bulan tanpa cemas. Pahlawan Bukan Malaikat https://t.co/RO4VPwAbiw","1988243633800442113","https://pbs.twimg.com/media/G5epCk9awAA8xAG.jpg","","in","","0","1","0","https://x.com/undefined/status/1988243633800442113","1939466929565220864",
"1988243551210332542","Tue Nov 11 13:52:57 +0000 2025","0","Meski penghasilan terbatas rakyat tetap bisa hidup layak karena harga pokok terjangkau di Masa Indah Soeharto. Pahlawan Bukan Malaikat https://t.co/rvaU8ENr05","1988243551210332542","","","in","","0","0","0","https://x.com/undefined/status/1988243551210332542","1947446100996329478",
"1988243248071274932","Tue Nov 11 13:51:44 +0000 2025","1","Anak-anak bisa belajar dengan nyaman biaya sekolah terkendali orang tua bisa fokus menafkahi keluarga di Masa Indah Soeharto. Pahlawan Bukan Malaikat https://t.co/2kh2sxJ9s9","1988243248071274932","","","in","","0","0","0","https://x.com/undefined/status/1988243248071274932","1980734190456119296",
"1988243190533722491","Tue Nov 11 13:51:31 +0000 2025","0","Stabilitas ekonomi dan harga pokok terjangkau membuat kehidupan rakyat lebih mudah di Masa Indah Soeharto. Pahlawan Bukan Malaikat https://t.co/e41yqdwho6","1988243190533722491","","","in","","0","0","0","https://x.com/undefined/status/1988243190533722491","1980733204027129856",
"1988242655675826348","Tue Nov 11 13:49:23 +0000 2025","0","Pembangunan merata dari kota sampai desa mempermudah kehidupan sehari-hari semua bagian dari Masa Indah Soeharto. Pahlawan Bukan Malaikat https://t.co/uPeCyHDuYg","1988242655675826348","","","in","","0","0","0","https://x.com/undefined/status/1988242655675826348","1982205678371651584",
"1988242315388088556","Tue Nov 11 13:48:04 +0000 2025","0","Harga beras minyak dan gula pada Masa Indah Soeharto selalu terkontrol membuat kebutuhan pokok mudah dipenuhi masyarakat Pahlawan Bukan Malaikat","1988242323336294645","","jelinajossy","in","","0","1","0","https://x.com/undefined/status/1988242323336294645","1983775966758576128",
"1988242282571854017","Tue Nov 11 13:47:54 +0000 2025","0","Masa Indah Soeharto membuat harga kebutuhan pokok selalu terkontrol rakyat bisa belanja tanpa panik. Pahlawan Bukan Malaikat https://t.co/UP2B7fzXgn","1988242282571854017","","","in","","0","0","0","https://x.com/undefined/status/1988242282571854017","1920972822656282624",
"1988241818895430019","Tue Nov 11 13:46:05 +0000 2025","0","Harga bahan pokok seperti beras minyak dan gula selalu stabil memudahkan rakyat kecil memenuhi kebutuhan dasar Masa Indah Soeharto Pahlawan Bukan Malaikat","1988241825535324265","","jelinajossy","in","","0","1","0","https://x.com/undefined/status/1988241825535324265","1983775966758576128",
"1988235441615913239","Tue Nov 11 13:43:52 +0000 2025","0","Petani tersenyum pasar hidup harga beras stabil. Rakyat kecil merasa dilindungi negara. Itulah Masa Indah Soeharto yang penuh kepastian Pahlawan Bukan Malaikat","1988241268317843521","","betarenae","in","","0","1","0","https://x.com/undefined/status/1988241268317843521","1968587557295607808",
"1988241149476380738","Tue Nov 11 13:43:24 +0000 2025","0","1. Dulu di Masa Indah Soeharto hidup terasa lebih tenang. Harga kebutuhan pokok selalu diumumkan di TV oleh Harmoko rakyat tahu dan yakin harga tetap stabil. Tak perlu khawatir besok beras naik. Pahlawan Bukan Malaikat https://t.co/rRAGcR6cEJ","1988241149476380738","https://pbs.twimg.com/media/G5emx-GbsAAwuRk.jpg","","in","","0","1","0","https://x.com/undefined/status/1988241149476380738","1890533518616457219",
"1988230774987125057","Tue Nov 11 13:42:35 +0000 2025","0","@negativisme Dulu Harmoko ngumumin harga beras sekarang diumumin flash sale. Bedanya dulu rakyat tenang sekarang rakyat rebutan keranjang. Pahlawan Bukan Malaikat","1988240944966389819","","negativisme","in","","0","0","0","https://x.com/undefined/status/1988240944966389819","795277843408166913",
"1988240920672604613","Tue Nov 11 13:42:29 +0000 2025","0","Dulu Harmoko ngumumin harga beras sekarang diumumin flash sale. Bedanya dulu rakyat tenang sekarang rakyat rebutan keranjang. Pahlawan Bukan Malaikat","1988240920672604613","","","in","","0","0","0","https://x.com/undefined/status/1988240920672604613","795277843408166913",
"1988240908433723473","Tue Nov 11 13:42:26 +0000 2025","0","Masa Indah Soeharto terlihat saat harga beras minyak dan gula selalu diumumkan sehingga rakyat kecil bisa membelinya dengan mudah. Pahlawan Bukan Malaikat https://t.co/8OeRGT0Kd5","1988240908433723473","https://pbs.twimg.com/media/G5emkCmaUAA-7Of.jpg","","in","","0","1","0","https://x.com/undefined/status/1988240908433723473","1939458696209469440",
"1988240848572871000","Tue Nov 11 13:42:12 +0000 2025","0","Katanya dulu negara kita swasembada beras Beras melimpah harga aman Kalo nggak keren nggak mungkin bisa Masa Indah Soeharto Pahlawan Bukan Malaikat https://t.co/v2nDAtnaAQ","1988240848572871000","","","in","","0","0","0","https://x.com/undefined/status/1988240848572871000","539168157",
"1988240747221647581","Tue Nov 11 13:41:49 +0000 2025","0","Harga stabil beras minyak dan gula pada masa itu sangat membantu kehidupan sehari-hari rakyat kecil Masa Indah Soeharto Pahlawan Bukan Malaikat","1988240751994826887","","aurelowell0","in","","0","1","0","https://x.com/undefined/status/1988240751994826887","1725704777202647040",
"1988240509400478086","Tue Nov 11 13:40:51 +0000 2025","0","Harga beras gula minyak semuanya terpantau jelas setiap minggu. Rakyat gak perlu takut harga naik tiba-tiba. Itulah rasa aman di Masa Indah Soeharto Pahlawan Bukan Malaikat https://t.co/3rNn6fEfAk","1988240509400478086","","","in","","0","0","0","https://x.com/undefined/status/1988240509400478086","2946637182",
"1988240497815810400","Tue Nov 11 13:40:49 +0000 2025","0","Meski penghasilan terbatas rakyat tetap bisa hidup layak karena harga pokok terjangkau di Masa Indah Soeharto. Pahlawan Bukan Malaikat https://t.co/qToeT4Hoff","1988240497815810400","","","in","","0","0","0","https://x.com/undefined/status/1988240497815810400","1954769085277089792",
"1988240364453720308","Tue Nov 11 13:40:30 +0000 2025","0","Harga beras minyak dan gula yang stabil membantu rakyat kecil memenuhi kebutuhan pokok dengan mudah Masa Indah Soeharto Pahlawan Bukan Malaikat","1988240421861159215","","aurelowell0","in","","0","1","0","https://x.com/undefined/status/1988240421861159215","1725704777202647040",
"1988240273554751874","Tue Nov 11 13:39:55 +0000 2025","0","Banyak yang masih inget tenangnya hidup di Masa Indah Soeharto harga beras gula minyak diumumkan rutin di TV sama Harmoko rakyat bisa belanja dengan aman. Pahlawan Bukan Malaikat https://t.co/0gojbO8FTf","1988240273554751874","https://pbs.twimg.com/media/G5el_GobcAMmKFd.jpg","","in","","0","0","0","https://x.com/undefined/status/1988240273554751874","1954380906904657920",
"1988240051776754046","Tue Nov 11 13:39:02 +0000 2025","0","Anak-anak bisa belajar dengan nyaman biaya sekolah terkendali dan orang tua bisa fokus menafkahi keluarga di Masa Indah Soeharto. Pahlawan Bukan Malaikat https://t.co/q4a03Ttain","1988240051776754046","","","in","","0","0","0","https://x.com/undefined/status/1988240051776754046","1981124435466997760",
"1988239827247280507","Tue Nov 11 13:38:09 +0000 2025","0","Stabilitas ekonomi dan harga pokok terjangkau membuat kehidupan rakyat lebih mudah di Masa Indah Soeharto. Pahlawan Bukan Malaikat https://t.co/tYJH16bMrh","1988239827247280507","","","in","","0","0","0","https://x.com/undefined/status/1988239827247280507","1980728706411950082",
"1988239641095663724","Tue Nov 11 13:37:24 +0000 2025","0","Masa Indah Soeharto terlihat saat harga beras dan kebutuhan pokok diumumkan rutin di TV sehingga rakyat kecil bisa membelinya dengan mudah. Pahlawan Bukan Malaikat https://t.co/bV4DTiz4JY","1988239641095663724","https://pbs.twimg.com/media/G5elasybIAADTKY.jpg","","in","","0","1","0","https://x.com/undefined/status/1988239641095663724","1939078068309762050",
"1988239438993125568","Tue Nov 11 13:36:36 +0000 2025","0","Masa Indah Soeharto membuat banyak rumah bisa menanak nasi setiap hari tanpa pusing memikirkan harga beras karena pemerintah menjaga ketersediaannya Pahlawan Bukan Malaikat https://t.co/bpEbzaZzgD","1988239438993125568","https://pbs.twimg.com/media/G5elOsGbcAAQXru.jpg","","in","","0","0","0","https://x.com/undefined/status/1988239438993125568","1942600065241198593",
"1988239255408193687","Tue Nov 11 13:35:52 +0000 2025","0","Pembangunan merata dari kota sampai desa kecil mempermudah kehidupan sehari-hari semua bagian dari Masa Indah Soeharto. Pahlawan Bukan Malaikat https://t.co/G1D3CX1aGd","1988239255408193687","","","in","","0","0","0","https://x.com/undefined/status/1988239255408193687","1908361524055597056",
"1988239193886388648","Tue Nov 11 13:35:38 +0000 2025","0","Masa Indah Soeharto terasa nyata ketika harga beras minyak dan gula diumumkan rutin di TV oleh Harmoko sehingga rakyat kecil bisa membeli kebutuhan pokok meski penghasilan terbatas. Pahlawan Bukan Malaikat https://t.co/A0N1B5ta0e","1988239193886388648","https://pbs.twimg.com/media/G5elAfHaYAANuCT.jpg","","in","","0","1","0","https://x.com/undefined/status/1988239193886388648","1939078068309762050",
"1988238639172816912","Tue Nov 11 13:33:25 +0000 2025","0","Stabilitas ekonomi dan harga pokok yang terjangkau membuat kehidupan rakyat lebih mudah di Masa Indah Soeharto. Pahlawan Bukan Malaikat https://t.co/Qu0MR5ePhf","1988238639172816912","","","in","","0","0","0","https://x.com/undefined/status/1988238639172816912","1902593296117198849",
"1988238585657467390","Tue Nov 11 13:33:18 +0000 2025","0","Berita ekonomi = TV doang. Harmoko bilang harga stabil semua langsung lega Sekarang harus buka X dulu buat tahu beras naik Kangen vibe tenang Masa Indah Soeharto Pahlawan Bukan Malaikat","1988238607111598254","","DoktorMagang","in","","0","1","0","https://x.com/undefined/status/1988238607111598254","1545620609312628736",
"1988238585657467390","Tue Nov 11 13:33:14 +0000 2025","0","Gaji kecil tapi hidup enteng. Beras aman minyak ada sabun gak jadi barang mewah Sekarang? Gaji naik harga ikut joget Beda banget sama Masa Indah Soeharto Pahlawan Bukan Malaikat","1988238589436772504","","DoktorMagang","in","","0","1","0","https://x.com/undefined/status/1988238589436772504","1545620609312628736",
"1988192665679392795","Tue Nov 11 13:32:42 +0000 2025","7","@Txtdaridating Mau berakhir kek mau bersambung kek gak ngaruh sama harga beras","1988238456611631385","","Txtdaridating","in","","0","0","0","https://x.com/undefined/status/1988238456611631385","1334004184799010818",
"1988238412240089347","Tue Nov 11 13:32:31 +0000 2025","0","Dulu kita bisa dengar Harmoko di TV ngumumin harga bahan pokok satu per satu. Gula sekian beras sekian minyak sekian serba jelas dan rakyat bisa tenang belanja salah satu bukti nyata dari Masa Indah Soeharto di mana harga bukan bahan kejutan tiap hari Pahlawan Bukan Malaikat https://t.co/TJyZDE1PfX","1988238412240089347","https://pbs.twimg.com/media/G5ekTI-aQAE2e0I.jpg","","in","","0","1","0","https://x.com/undefined/status/1988238412240089347","1979484867701477376",
"1988238210263142861","Tue Nov 11 13:31:45 +0000 2025","0","Di Masa Indah Soeharto warung nasi tetap ramai tanpa takut kenaikan harga beras. Pasar tradisional hidup pedagang tenang pembeli senang. Itulah bentuk nyata kepemimpinan yang menjaga kestabilan ekonomi rakyat. Pahlawan Bukan Malaikat","1988238217347580311","","BangunPagi83173","in","","0","1","0","https://x.com/undefined/status/1988238217347580311","1983873737473835008",
"1988238210263142861","Tue Nov 11 13:31:43 +0000 2025","0","Dulu di Masa Indah Soeharto setiap minggu rakyat tahu harga bahan pokok karena diumumkan langsung oleh Harmoko di TV. Beras minyak gula semua stabil dan terjangkau. Rakyat kecil tak perlu was-was belanja harian. Pahlawan Bukan Malaikat https://t.co/Kh958Xp7qy","1988238210263142861","https://pbs.twimg.com/media/G5ekHU_bcAApV5w.jpg","","in","","0","1","0","https://x.com/undefined/status/1988238210263142861","1983873737473835008",
"1988237990553153718","Tue Nov 11 13:30:51 +0000 2025","0","Pada Masa Indah Soeharto beras minyak dan gula selalu tersedia di pasar dengan harga stabil sehingga keluarga kecil bisa memenuhi kebutuhan sehari-hari dengan mudah. Pahlawan Bukan Malaikat https://t.co/671MsgMAGe","1988237990553153718","https://pbs.twimg.com/media/G5ej6OCbcAUl1k9.jpg","","in","","0","1","0","https://x.com/undefined/status/1988237990553153718","1939459868743880704",
"1988237908151837025","Tue Nov 11 13:30:31 +0000 2025","0","Pembangunan merata dari kota sampai desa mempermudah kehidupan sehari-hari semua bagian dari Masa Indah Soeharto. Pahlawan Bukan Malaikat https://t.co/i611qoxRd0","1988237908151837025","","","in","","0","0","0","https://x.com/undefined/status/1988237908151837025","1963629137803055105",
"1988237649493327939","Tue Nov 11 13:29:29 +0000 2025","0","Di Masa Indah Soeharto rakyat mudah memperoleh beras bersubsidi dengan harga resmi pemerintah. Pahlawan Bukan Malaikat karena keberhasilan ekonomi tetap butuh pengawasan. https://t.co/XUpvAFRtXU","1988237649493327939","","","in","","0","0","0","https://x.com/undefined/status/1988237649493327939","1906657178716639233",
"1988237560460521525","Tue Nov 11 13:29:08 +0000 2025","0","Anak-anak bisa sekolah dengan tenang biaya hidup terkendali dan orang tua merasa aman menafkahi keluarga itulah Masa Indah Soeharto. Pahlawan Bukan Malaikat https://t.co/p9wl4rG2ly","1988237560460521525","","","in","","0","0","0","https://x.com/undefined/status/1988237560460521525","1982403401351897089",
"1988237519713173700","Tue Nov 11 13:28:59 +0000 2025","0","Harga beras gula minyak diumumkan rutin sehingga masyarakat bisa belanja aman itu bagian dari Masa Indah Soeharto. Pahlawan Bukan Malaikat https://t.co/jqpl3mT8ls","1988237519713173700","https://pbs.twimg.com/media/G5ejeuma4AA4c4R.jpg","","in","","0","0","0","https://x.com/undefined/status/1988237519713173700","1911681716441276416",
"1988237225167814741","Tue Nov 11 13:27:50 +0000 2025","0","Masa Indah Soeharto dirasakan nyata karena harga beras minyak dan gula tetap stabil meski pendapatan tidak besar Pahlawan Bukan Malaikat","1988237232894079174","","radenAyu01","in","","0","1","0","https://x.com/undefined/status/1988237232894079174","1929133781468028928",
"1988237187767468389","Tue Nov 11 13:27:40 +0000 2025","0","Pada Masa Indah Soeharto beras minyak dan gula selalu tersedia dengan harga terjangkau. Keluarga kecil bisa membeli kebutuhan pokok tanpa khawatir. Pahlawan Bukan Malaikat","1988237191097593858","","desiWulan0","in","","0","1","0","https://x.com/undefined/status/1988237191097593858","1939459868743880704",
"1988237179798065449","Tue Nov 11 13:27:38 +0000 2025","0","Harga beras minyak dan gula pada masa itu sangat terkendali membuat kehidupan masyarakat lebih ringan dan stabil Pahlawan Bukan Malaikat","1988237183074115948","","mcflurry_0r30","in","","0","1","0","https://x.com/undefined/status/1988237183074115948","1696801928246894592",
"1988236872523612638","Tue Nov 11 13:26:24 +0000 2025","0","Banyak orang mengenang Masa Indah Soeharto karena harga beras dan BBM yang relatif stabil. Pahlawan Bukan Malaikat kebesaran peran tidak menuntut kesempurnaan mutlak. https://t.co/IhYKBkcIJa","1988236872523612638","","","in","","0","0","0","https://x.com/undefined/status/1988236872523612638","729593959731843072",
"1988236815526986145","Tue Nov 11 13:26:19 +0000 2025","0","Setiap malam keluarga berkumpul menonton berita. Harmoko muncul di layar mengumumkan harga beras gula minyak. Tak ada politik tak ada ribut. Hanya rasa percaya bahwa negara sedang menjaga dapur rakyatnya Masa Indah Soeharto Pahlawan Bukan Malaikat","1988236848947490860","","HartonoSof68957","in","","0","1","0","https://x.com/undefined/status/1988236848947490860","1859780322533179393",
"1988236837937381651","Tue Nov 11 13:26:16 +0000 2025","0","Banyak yang masih inget tenangnya hidup di Masa Indah Soeharto harga beras gula minyak diumumkan rutin di TV sama Harmoko rakyat bisa belanja dengan aman. Pahlawan Bukan Malaikat https://t.co/Ngqr2Gt3lj","1988236837937381651","https://pbs.twimg.com/media/G5ei3RubgAAjS6D.jpg","","in","","0","0","0","https://x.com/undefined/status/1988236837937381651","1946542057599721472",
"1988236559334678788","Tue Nov 11 13:25:11 +0000 2025","0","Pada Masa Indah Soeharto beras minyak dan gula selalu tersedia dengan harga stabil. Keluarga kecil bisa membeli kebutuhan sehari-hari tanpa cemas. Pahlawan Bukan Malaikat","1988236563902292197","","zuNAA_7_7","in","","0","1","0","https://x.com/undefined/status/1988236563902292197","1939456153177731072",
"1988236164147671447","Tue Nov 11 13:23:35 +0000 2025","0","Pada Masa Indah Soeharto rakyat kecil dapat membeli beras tanpa takut lonjakan harga. Pahlawan Bukan Malaikat karena kebijakan baik pun bisa menimbulkan perbedaan pandangan. https://t.co/VsQkaQpsQF","1988236164147671447","","","in","","0","0","0","https://x.com/undefined/status/1988236164147671447","2918227057",
"1988236090625466836","Tue Nov 11 13:23:18 +0000 2025","0","Kadang rindu saat harga beras minyak dan gula diumumkan langsung di TV oleh Pak Harmoko. Semua orang tahu harga pasti tak perlu takut naik tiba-tiba. Itulah salah satu ciri Masa Indah Soeharto kestabilan ekonomi terasa nyata dalam kehidupan sehari-hari Pahlawan Bukan Malaikat https://t.co/IifqEMU7p4","1988236090625466836","https://pbs.twimg.com/media/G5eiLYpbwAAr-bI.jpg","","in","","0","0","0","https://x.com/undefined/status/1988236090625466836","1869184638763315200",
"1988235981279941119","Tue Nov 11 13:22:52 +0000 2025","0","Pada Masa Indah Soeharto beras minyak dan gula selalu tersedia di pasar dengan harga stabil. Rakyat tidak perlu khawatir kesulitan membeli kebutuhan sehari-hari. Pahlawan Bukan Malaikat","1988235984136487305","","zuNAA_7_7","in","","0","1","0","https://x.com/undefined/status/1988235984136487305","1939456153177731072",
"1988235688459071839","Tue Nov 11 13:21:43 +0000 2025","0","Masa Indah Soeharto itu kita nonton TV dan tahu harga beras langsung dari Harmoko. Jadi gak ada tuh drama harga tiba-tiba naik pas mau masak. Pahlawan Bukan Malaikat","1988235691650855240","","tika_ananta07","in","","0","1","0","https://x.com/undefined/status/1988235691650855240","1711151667130056704",
"1988235632704188907","Tue Nov 11 13:21:29 +0000 2025","0","Beras tak lagi impor bangsa ini berdiri tegak memberi makan rakyatnya sendiri. Itulah kebanggaan di Masa Indah Soeharto Pahlawan Bukan Malaikat https://t.co/mRz5XDo8Il","1988235632704188907","","","in","","0","1","0","https://x.com/undefined/status/1988235632704188907","1813435372493537280",
"1988235601188188488","Tue Nov 11 13:21:21 +0000 2025","0","Kini banyak yang merindukan ketenangan itu. Karena di Masa Indah Soeharto hidup tak seribet sekarang yang penting cukup dan tenteram. Pahlawan Bukan Malaikat https://t.co/0ftfUvhmow","1988235601188188488","","","in","","0","1","0","https://x.com/undefined/status/1988235601188188488","1968586112265506816",
"1988235520711995474","Tue Nov 11 13:21:02 +0000 2025","0","Radio televisi dan papan pengumuman desa bicara satu hal: harga bahan pokok stabil. Masa Indah Soeharto membuat rakyat tenang. Pahlawan Bukan Malaikat https://t.co/2x6RjBZdSj","1988235520711995474","","","in","","0","1","0","https://x.com/undefined/status/1988235520711995474","1968586614533443584",
"1988235489720365311","Tue Nov 11 13:20:55 +0000 2025","0","Banyak yang masih inget tenangnya hidup di Masa Indah Soeharto harga beras gula minyak diumumkan rutin di TV sama Harmoko rakyat bisa belanja dengan aman. Pahlawan Bukan Malaikat https://t.co/jFdhHJX4ha","1988235489720365311","","","in","","0","0","0","https://x.com/undefined/status/1988235489720365311","1979637421152296960",
"1988230568304406831","Tue Nov 11 13:20:50 +0000 2025","0","Gaji kecil tapi semua kebutuhan kebeli. Beras minyak sabun bahkan masih bisa beli rokok bapak Sekarang gaji naik tapi harga juga ikut gym tiap hari beda banget sama Masa Indah Soeharto Pahlawan Bukan Malaikat","1988235471529615443","","DoktorMagang","in","","0","1","0","https://x.com/undefined/status/1988235471529615443","1545620609312628736",
"1988235455822000448","Tue Nov 11 13:20:46 +0000 2025","0","Anak-anak sekolah dengan sepatu sederhana tapi penuh semangat. Di Masa Indah Soeharto harapan tumbuh di setiap ruang kelas. Pahlawan Bukan Malaikat https://t.co/9syBYq8QtQ","1988235455822000448","","","in","","0","1","0","https://x.com/undefined/status/1988235455822000448","1968587557295607808",
"1988235371050922205","Tue Nov 11 13:20:27 +0000 2025","0","Pada Masa Indah Soeharto beras minyak dan gula selalu tersedia dengan harga stabil. Keluarga kecil bisa membeli kebutuhan harian tanpa khawatir. Pahlawan Bukan Malaikat","1988235373311651927","","zizahh03","in","","0","1","0","https://x.com/undefined/status/1988235373311651927","1938996976521211904",
"1988235372116230423","Tue Nov 11 13:20:26 +0000 2025","0","Kedaulatan pangan pendidikan dan stabilitas jadi pilar bangsa. Semua itu tumbuh di Masa Indah Soeharto yang penuh arah dan ketegasan. Pahlawan Bukan Malaikat https://t.co/N2pF2HDLbh","1988235372116230423","","","in","","0","1","0","https://x.com/undefined/status/1988235372116230423","1682086261433966598",
"1988235330684846128","Tue Nov 11 13:20:17 +0000 2025","0","Anak-anak berangkat sekolah tanpa khawatir biaya SPP. Masa Indah Soeharto membuat pendidikan terasa terjangkau untuk semua. Pahlawan Bukan Malaikat https://t.co/vMfWg4YZNO","1988235330684846128","","","in","","0","1","0","https://x.com/undefined/status/1988235330684846128","1813109075481403392",
"1988235273671758095","Tue Nov 11 13:20:03 +0000 2025","0","Ayah pulang kerja sore nonton TV bareng keluarga berita isinya pembangunan dan hasil panen. Masa Indah Soeharto penuh harapan sederhana. Pahlawan Bukan Malaikat https://t.co/my9ileE3OL","1988235273671758095","","","in","","0","1","0","https://x.com/undefined/status/1988235273671758095","1535147746164080641",
"1988234127855022234","Tue Nov 11 13:20:01 +0000 2025","0","Harga beras diumumkan ongkos naik haji stabil BBM gak bikin panik. Itulah ritme hidup di Masa Indah Soeharto Pahlawan Bukan Malaikat","1988235266210099274","","leveldelapan","in","","0","1","0","https://x.com/undefined/status/1988235266210099274","3243409636",
"1988235207431123065","Tue Nov 11 13:19:47 +0000 2025","0","Tak banyak hiburan tapi hati tenang. Masa Indah Soeharto membuat rakyat merasa cukup tanpa banyak gengsi. Pahlawan Bukan Malaikat https://t.co/mpzIKvWTCa","1988235207431123065","","","in","","0","1","0","https://x.com/undefined/status/1988235207431123065","1813369769225236480",
"1988235023133335751","Tue Nov 11 13:19:04 +0000 2025","0","Di Masa Indah Soeharto pemerintah hadir di layar TV memberi kepastian harga. Harmoko memberi tahu harga beras gula dan minyak. Rakyat tahu pemerintah melihat kebutuhan perut rakyat. Pahlawan Bukan Malaikat","1988235026073612496","","tika_ananta07","in","","0","1","0","https://x.com/undefined/status/1988235026073612496","1711151667130056704",
"1988234903885148307","Tue Nov 11 13:18:35 +0000 2025","0","Pada Masa Indah Soeharto beras minyak dan gula selalu tersedia di pasar dengan harga stabil. Rakyat kecil bisa memenuhi kebutuhan tanpa cemas. Pahlawan Bukan Malaikat","1988234906351378573","","zizahh03","in","","0","1","0","https://x.com/undefined/status/1988234906351378573","1938996976521211904",
"1988234655716491626","Tue Nov 11 13:17:37 +0000 2025","0","Masa Indah Soeharto adalah masa ketika gaji pas-pasan pun terasa cukup. Beras murah minyak goreng stabil sekolah terjangkau. Hidup sederhana tapi tenang karena negara menjaga agar rakyat kecil tak ditelan kekacauan harga Pahlawan Bukan Malaikat","1988234660388946135","","CarlosEduaSil","in","","0","1","0","https://x.com/undefined/status/1988234660388946135","1859775350827593728",
"1988234548216525185","Tue Nov 11 13:17:15 +0000 2025","0","Di Masa Indah Soeharto gaji pegawai negeri kecil tapi cukup. Anak sekolah tak takut tak bisa bayar SPP listrik murah bensin tak mencekik dan harga beras tak bikin panik. Hidup sederhana tapi penuh rasa aman. Pahlawan Bukan Malaikat","1988234569032810770","","hsnsh_1997","in","","0","0","0","https://x.com/undefined/status/1988234569032810770","1710566651731800064",
"1988234534861889847","Tue Nov 11 13:17:07 +0000 2025","0","Produksi Beras Lokal Kutim Belum Cukupi Kebutuhan Harga Masih di Atas HET @@beritakaltim2 https://t.co/XpLoUgrNt9","1988234534861889847","","","in","","0","0","0","https://x.com/undefined/status/1988234534861889847","4854436812",
"1988234443824525480","Tue Nov 11 13:16:45 +0000 2025","0","Banyak orang masih ingat betul Masa Indah Soeharto ketika harga kebutuhan pokok bisa terjangkau oleh hampir semua keluarga. Penghasilan sederhana tetap cukup untuk beras gula minyak sampai lauk sehari-hari. Pahlawan Bukan Malaikat https://t.co/z7XIx3mkSX","1988234443824525480","https://pbs.twimg.com/media/G5egsLDbcAAAfXb.jpg","","in","","0","1","0","https://x.com/undefined/status/1988234443824525480","1975115860273778688",
"1988234338711003170","Tue Nov 11 13:16:20 +0000 2025","0","Masa Indah Soeharto dikenang sebab harga beras minyak dan gula selalu terpantau pemerintah dan tak pernah bikin panik rakyat Pahlawan Bukan Malaikat https://t.co/FQp5ZXfBC3","1988234338711003170","https://pbs.twimg.com/media/G5egmCAbcAUPpwC.jpg","","in","","0","0","0","https://x.com/undefined/status/1988234338711003170","1912568196433080320",
"1988234336211267869","Tue Nov 11 13:16:20 +0000 2025","0","Masa Indah Soeharto jadi masa di mana rakyat hidup tanpa cemas harga beras dan gula selalu terjangkau Pahlawan Bukan Malaikat tapi langkahnya membuat negeri tenang https://t.co/xwGA8k9vgP","1988234336211267869","https://pbs.twimg.com/media/G5egliqbcAQuYRA.jpg","","in","","0","2","0","https://x.com/undefined/status/1988234336211267869","1507561763340169220",
"1988234269630886400","Tue Nov 11 13:16:05 +0000 2025","0","Harga beras minyak dan bahan pokok lainnya sangat terjaga sehingga rakyat kecil masih bisa membeli dengan penghasilan terbatas Pahlawan Bukan Malaikat","1988234274714382550","","razgowsyala","in","","0","1","0","https://x.com/undefined/status/1988234274714382550","1984153593919025152",
"1988234252224450685","Tue Nov 11 13:16:00 +0000 2025","0","Orang nunggu Harmoko di TV pas Masa Indah Soeharto buat tahu harga beras bukan gosip artis. Pahlawan Bukan Malaikat","1988234255936438422","","anitamoi230","in","","0","1","0","https://x.com/undefined/status/1988234255936438422","1709707920919904256",
"1988234058590241191","Tue Nov 11 13:15:17 +0000 2025","0","Program swasembada pangan di Masa Indah Soeharto menghasilkan harga beras stabil sehingga masyarakat kecil tidak terbebani Pahlawan Bukan Malaikat","1988234075245859065","","hana_reyhanacu","in","","0","1","0","https://x.com/undefined/status/1988234075245859065","1929125965516644352",
"1988234029884473703","Tue Nov 11 13:15:07 +0000 2025","0","Harga beras minyak dan gula yang selalu stabil memudahkan rakyat mengakses kebutuhan pokok tanpa beban berat Masa Indah Soeharto bukti jasa Pahlawan Bukan Malaikat","1988234032690381212","","winterrbushg","in","","0","1","0","https://x.com/undefined/status/1988234032690381212","1983533302985474048",
"1988233769111933020","Tue Nov 11 13:14:07 +0000 2025","0","Harga beras gula minyak selalu diumumkan rutin di TV. Semua rakyat tahu dan tenang. Stabilitas yang dirasakan di Masa Indah Soeharto Pahlawan Bukan Malaikat","1988233778591113493","","aadimademm","in","","0","1","0","https://x.com/undefined/status/1988233778591113493","1834253434155139075",
"1988233619467600008","Tue Nov 11 13:13:39 +0000 2025","0","Di Masa Indah Soeharto gaji pas-pasan tapi hidup nggak bikin stres. Mau beli beras gula minyak goreng semua bisa. Hidup sederhana tapi cukup. Sekarang? Gajinya naik tapi harga juga sprint. ","1988233664686420256","","sekul_rawon","in","","0","1","0","https://x.com/undefined/status/1988233664686420256","295323234",
"1988233630704193718","Tue Nov 11 13:13:35 +0000 2025","0","Dulu masyarakat bisa membeli beras premium dengan harga yang sangat terjangkau. Kualitas pangan di Masa Indah Soeharto . Pahlawan Bukan Malaikat Jasanya sangat besar.","1988233645291917408","","valefelics","in","","0","1","0","https://x.com/undefined/status/1988233645291917408","1963072521198305280",
"1988233585799950405","Tue Nov 11 13:13:21 +0000 2025","0","Beras gula minyak selalu diumumkan rutin di TV saat Masa Indah Soeharto membuat masyarakat bisa belanja dengan aman dan harga tetap terjangkau. Pahlawan Bukan Malaikat https://t.co/RBR8xtcfzU","1988233585799950405","https://pbs.twimg.com/media/G5ef6IZbQAAwbe-.jpg","","in","","0","0","0","https://x.com/undefined/status/1988233585799950405","1910659804559007747",
"1988233559367369002","Tue Nov 11 13:13:14 +0000 2025","0","1. Dulu setiap sore org tua kita duduk di depan TV menunggu Harmoko bicara. Ia umumkan harga beras gula minyak n semua stabil. Tak ada kejutan di pasar tak ada keresahan di rumah. Begitulah tenangnya Masa Indah Soeharto Pahlawan Bukan Malaikat https://t.co/jS0ZNQxJ90","1988233559367369002","https://pbs.twimg.com/media/G5ef4N9bcAkZOah.jpg","","in","","0","1","0","https://x.com/undefined/status/1988233559367369002","1383097945596186626",
"1988233475619693023","Tue Nov 11 13:12:55 +0000 2025","0","Keadilan bukan wacana tapi hadir dalam harga beras dan minyak goreng. Masa Indah Soeharto Pahlawan Bukan Malaikat","1988233477632966658","","PraGib08","in","","0","1","0","https://x.com/undefined/status/1988233477632966658","1985847597886816260",
"1988233393465946416","Tue Nov 11 13:12:38 +0000 2025","0","Walau penghasilan sederhana tidak ada keresahan berlebihan soal harga beras gula ataupun susu anak itulah kenyamanan yang banyak rindu dari Masa Indah Soeharto Pahlawan Bukan Malaikat","1988233408485703702","","nadakukharisma","in","","0","1","0","https://x.com/undefined/status/1988233408485703702","1373231334894698502",
"1988233352122638847","Tue Nov 11 13:12:25 +0000 2025","0","dulu harga beras tidak pernah melambung tinggi kebutuhan pokok tidak ada yang terlalu mahal. Masa Indah Soeharto itu stabilitas harga bukan omon-omon. Rasanya wajar bila Pak Harto mendapatkan gelar pahlawan meski tidak sempurna karena Pahlawan Bukan Malaikat https://t.co/72EdFxuThu","1988233352122638847","https://pbs.twimg.com/ext_tw_video_thumb/1988233309764440065/pu/img/4ygISGLvf7hkkc8B.jpg","","in","","0","0","0","https://x.com/undefined/status/1988233352122638847","1941950424162136064",
"1988233348985340058","Tue Nov 11 13:12:25 +0000 2025","0","Di Masa Indah Soeharto orang nungguin berita di TV bukan buat gosip tapi buat tahu harga beras. Pahlawan Bukan Malaikat","1988233351556460830","","aya_k321","in","","0","1","0","https://x.com/undefined/status/1988233351556460830","1667063236502622208",
"1988233321978167606","Tue Nov 11 13:12:21 +0000 2025","0","Dulu rakyat nunggu Harmoko ngumumin harga beras sekarang nunggu influencer ngumumin promo Shopee. Sama-sama diumumin tapi yang kenyang beda. Masa Indah Soeharto Pahlawan Bukan MalaikatMasa Indah Soeharto itu masa di mana rakyat tahu harga beras tiap malam.","1988233335286755373","","dazzallucifer","in","","0","1","0","https://x.com/undefined/status/1988233335286755373","372755696",
"1988233295432478797","Tue Nov 11 13:12:18 +0000 2025","0","Harga beras? Terkontrol. BBM? Stabil. Listrik? Aman. Itulah keseharian di Masa Indah Soeharto yang dirindukan banyak orang. Pahlawan Bukan Malaikat","1988233325253890083","","rezaeellaa","in","","0","0","0","https://x.com/undefined/status/1988233325253890083","1869608846957985792",
"1988233321978167606","Tue Nov 11 13:12:18 +0000 2025","0","Dulu rakyat nunggu Harmoko ngumumin harga beras sekarang nunggu influencer ngumumin promo Shopee. Sama-sama diumumin tapi yang kenyang beda. Masa Indah Soeharto Pahlawan Bukan Malaikat","1988233323974717452","","dazzallucifer","in","","0","1","0","https://x.com/undefined/status/1988233323974717452","372755696",
"1988233263203430650","Tue Nov 11 13:12:04 +0000 2025","0","Dulu setiap sore kita tunggu Harmoko umumkan harga bahan pokok di TV. Rasanya tenang ya? Semua harga terkontrol di Masa Indah Soeharto. Gaji memang gak besar tapi beras minyak gula semua kebeli. Sekarang? Mikir keras tiap mau ke pasar. Pahlawan Bukan Malaikat https://t.co/WAlaMT6Lvg","1988233263203430650","https://pbs.twimg.com/media/G5efncoa8AETPV7.jpg","","in","","0","1","1","https://x.com/undefined/status/1988233263203430650","1863475852429955072",
"1988233226410930606","Tue Nov 11 13:11:55 +0000 2025","0","Masih ingat masa ketika harga kebutuhan pokok diumumkan langsung di TV oleh Harmoko setiap minggu? Semua tahu berapa harga beras gula dan minyak esok hari. Itulah bukti nyata keteraturan dalam Masa Indah Soeharto Pahlawan Bukan Malaikat https://t.co/shGJeeDAbG","1988233226410930606","https://pbs.twimg.com/media/G5eflTXbcAgoBTj.jpg","","in","","0","0","0","https://x.com/undefined/status/1988233226410930606","1984029572615249920",
"1988233204596404625","Tue Nov 11 13:11:55 +0000 2025","0","Ketika harga beras diumumkan di TV setiap orang merasa aman karena di Masa Indah Soeharto pemerintah benar-benar hadir Pahlawan Bukan Malaikat","1988233225161056649","","NyitNyitt333","in","","0","1","0","https://x.com/undefined/status/1988233225161056649","1899849319676866560",
"1988233169653662021","Tue Nov 11 13:11:43 +0000 2025","0","Setiap malam ada suara dari televisi: Harga beras sekian gula sekian. Rakyat tahu pemerintah hadir. Damainya Masa Indah Soeharto Pahlawan Bukan Malaikat","1988233178113519912","","PutriNurjamil1","in","","0","1","0","https://x.com/undefined/status/1988233178113519912","1985588399282274305",
"1988233155724407258","Tue Nov 11 13:11:38 +0000 2025","0","Zaman dulu tuh tiap minggu Harmoko nongol di TV cuma buat ngumumin harga beras gula minyak . Semua orang tahu update-nya semua stabil semua bisa beli. Hidup terasa ringan banget. Begitulah rasanya di Masa Indah Soeharto Pahlawan Bukan Malaikat","1988233155724407258","","","in","","0","1","0","https://x.com/undefined/status/1988233155724407258","295323234",
"1988233105514393979","Tue Nov 11 13:11:27 +0000 2025","0","Di Masa Indah Soeharto Harmoko jadi wajah yang ditunggu di TV Bukan untuk hiburan tapi untuk kabar harga beras minyak dan gula Pahlawan Bukan Malaikat","1988233108068720827","","yuna_eunji","in","","0","1","0","https://x.com/undefined/status/1988233108068720827","1699919221248147456",
"1988233073025274019","Tue Nov 11 13:11:25 +0000 2025","0","BULOG menjaga harga beras tetap tenang di dapur rakyat. Masa Indah Soeharto Pahlawan Bukan Malaikat","1988233099508150606","","suarahati183321","in","","0","0","0","https://x.com/undefined/status/1988233099508150606","1965275933188984832",
"1988233042985656543","Tue Nov 11 13:11:11 +0000 2025","0","Dulu tiap malam kita bisa dengar Pak Harmoko umumkan harga bahan pokok di TV nasional. Dr beras sampai gula semua dikontrol agar tetap terjangkau. Rakyat kecil tenang belanja tanpa takut harga naik mendadak. Itulah slh 1 potret nyata Masa Indah Soeharto Pahlawan Bukan Malaikat https://t.co/W0EIJUEmSO","1988233042985656543","https://pbs.twimg.com/media/G5efaUQasAAe0bN.jpg","","in","","0","1","0","https://x.com/undefined/status/1988233042985656543","1981543403663110144",
"1988233021200494791","Tue Nov 11 13:11:06 +0000 2025","0","Saat harga beras gula dan minyak diumumkan rutin di televisi rakyat tahu pasti dan merasa tenang. Itu bagian dari Masa Indah Soeharto Pahlawan Bukan Malaikat https://t.co/aUN2JmLhHN","1988233021200494791","https://pbs.twimg.com/media/G5efYf1a0AAvB-J.jpg","","in","","0","1","0","https://x.com/undefined/status/1988233021200494791","1985351174737076225",
"1988232994432446854","Tue Nov 11 13:11:00 +0000 2025","0","Jaman itu setiap sore kita tunggu Harmoko umumkan harga bahan pokok di TV. Rasanya tenang ya? Semua harga terkontrol di Masa Indah Soeharto. Gaji memang gak besar tapi beras minyak gula semua kebeli. Sekarang? Mikir keras tiap mau ke pasar. Pahlawan Bukan Malaikat https://t.co/Iq4buoh0xk","1988232994432446854","https://pbs.twimg.com/media/G5efXvFbcAAkhX7.jpg","","in","","0","1","0","https://x.com/undefined/status/1988232994432446854","1984454325306081283",
"1988232973511258206","Tue Nov 11 13:10:55 +0000 2025","0","Masa Indah Soeharto dikenal dengan keteraturan Setiap minggu Harmoko tampil di TV Mengumumkan harga beras gula dan minyak untuk seluruh rakyat Pahlawan Bukan Malaikat","1988232976006836339","","yuna_eunji","in","","0","1","0","https://x.com/undefined/status/1988232976006836339","1699919221248147456",
"1988232954292957424","Tue Nov 11 13:10:54 +0000 2025","0","Dulu rakyat nunggu Harmoko ngumumin harga beras sekarang nunggu influencer ngumumin promo Shopee. Sama-sama diumumin tapi yang kenyang beda. Masa Indah Soeharto Pahlawan Bukan Malaikat","1988232970617188365","","AzzJasmine","in","","0","1","0","https://x.com/undefined/status/1988232970617188365","457308857",
"1988232954292957424","Tue Nov 11 13:10:51 +0000 2025","0","Masa Indah Soeharto itu masa di mana rakyat tahu harga beras tiap malam. Sekarang rakyat tahu harga pas lagi bayar di kasir langsung kaget gak perlu nonton TV. Pahlawan Bukan Malaikat","1988232956457218392","","AzzJasmine","in","","0","1","0","https://x.com/undefined/status/1988232956457218392","457308857",
"1988232929173270926","Tue Nov 11 13:10:48 +0000 2025","0","Petani dulu semangat banget nanam hasil panen dibeli harga wajar. Indonesia sampai bisa swasembada beras loh. Itu salah satu pencapaian gede di Masa Indah Soeharto. Pahlawan Bukan Malaikat","1988232945392644593","","ratumentok","in","","0","1","0","https://x.com/undefined/status/1988232945392644593","1982315465486766080",
"1988232939105382757","Tue Nov 11 13:10:48 +0000 2025","0","Di Masa Indah Soeharto beras gula dan minyak goreng bukan barang mewah. Semua tersedia dan terjangkau. Rakyat kecil bisa hidup layak tanpa harus khawatir harga naik tiap minggu. Pahlawan Bukan Malaikat","1988232944297930831","","vionnadz","in","","0","1","0","https://x.com/undefined/status/1988232944297930831","1981543403663110144",
"1988232927151616190","Tue Nov 11 13:10:44 +0000 2025","0","Hidup terasa ringan pada Masa Indah Soeharto karena beras minyak dan gula selalu tersedia dengan harga terjangkau. Semua keluarga bisa memenuhi kebutuhan harian mereka. Pahlawan Bukan Malaikat","1988232929378791923","","damar135607","in","","0","1","0","https://x.com/undefined/status/1988232929378791923","1928771233820323841",
"1988232929173270926","Tue Nov 11 13:10:44 +0000 2025","0","Dulu tiap malam Pak Harmoko nongol di TV ngumumin harga beras gula minyak. Rakyat tenang karena harga nggak tiba-tiba naik. Bener-bener terasa banget tuh keteraturan di Masa Indah Soeharto. Pahlawan Bukan Malaikat https://t.co/iGXLQts0Vh","1988232929173270926","https://pbs.twimg.com/media/G5efUALagAAOxMj.jpg","","in","","0","1","0","https://x.com/undefined/status/1988232929173270926","1982315465486766080",
"1988232922923467232","Tue Nov 11 13:10:44 +0000 2025","0","Harga beras diumumkan rakyat tahu arah. Tak ada kejutan tak ada panik. Ciri khas Masa Indah Soeharto Ketenangan semacam itu tak datang tanpa kerja keras seorang Pahlawan Bukan Malaikat","1988232927939867058","","thari_Anggraini","in","","0","1","0","https://x.com/undefined/status/1988232927939867058","1941903371977531392",
"1988232905479663758","Tue Nov 11 13:10:39 +0000 2025","0","Setiap minggu Harmoko di TV menyebut harga beras dan minyak. Transparansi sederhana itu jadi lambang kepastian ekonomi di Masa Indah Soeharto Pahlawan Bukan Malaikat","1988232908222722169","","KaretDua___","in","","0","1","0","https://x.com/undefined/status/1988232908222722169","1944208509320802310",
"1988232882738122911","Tue Nov 11 13:10:33 +0000 2025","0","Masa Indah Soeharto adalah masa ketika rakyat bisa membeli beras minyak dan gula dengan harga stabil. Distribusi pangan dijaga dan informasi harga selalu transparan hidup lebih tenang. Pahlawan Bukan Malaikat https://t.co/72f4fDG9m8","1988232882738122911","https://pbs.twimg.com/media/G5efQz4aIAAE36s.jpg","","in","","0","1","0","https://x.com/undefined/status/1988232882738122911","1928771233820323841",
"1988232814647799860","Tue Nov 11 13:10:21 +0000 2025","0","Petani tersenyum karena panen dibeli dengan harga pantas. Swasembada beras tercapai dan pangan tak jadi masalah nasional. Itu bukti kerja nyata di Masa Indah Soeharto. Pahlawan Bukan Malaikat","1988232831970287671","","ratumentok","in","","0","1","0","https://x.com/undefined/status/1988232831970287671","1982315465486766080",
"1988232820444295169","Tue Nov 11 13:10:20 +0000 2025","0","Suara Harmoko di malam hari jadi tanda aman. Harga beras terkendali dapur tetap berasap. Tenangnya Masa Indah Soeharto Pahlawan Bukan Malaikat","1988232830300893327","","EzyRahardian01","in","","0","1","0","https://x.com/undefined/status/1988232830300893327","1985934307236753408",
"1988232803973251502","Tue Nov 11 13:10:19 +0000 2025","0","Ketika harga beras diumumkan di TV setiap orang merasa aman karena di Masa Indah Soeharto pemerintah benar-benar hadir Pahlawan Bukan Malaikat","1988232825724957165","","kapoo814671","in","","0","1","0","https://x.com/undefined/status/1988232825724957165","1826130956727799808",
"1988232814647799860","Tue Nov 11 13:10:17 +0000 2025","0","Masih ingat ketika Pak Harmoko muncul di TV mengumumkan harga beras gula dan minyak? Semua jelas rakyat tak perlu menebak. Di Masa Indah Soeharto keteraturan harga jadi bentuk kehadiran negara. Pahlawan Bukan Malaikat https://t.co/WT1W05VJmX","1988232814647799860","https://pbs.twimg.com/media/G5efNTKbYAEEjcy.jpg","","in","","0","1","0","https://x.com/undefined/status/1988232814647799860","1982315465486766080",
"1988232814253535388","Tue Nov 11 13:10:17 +0000 2025","0","Dulu tiap malam rakyat nunggu pengumuman harga bahan pokok di TV dari Pak Harmoko. Beras minyak gula semua stabil. Gaji pas-pasan tapi cukup buat hidup layak. Itulah bukti nyata bagaimana terjaganya kesejahteraan rakyat di Masa Indah Soeharto Pahlawan Bukan Malaikat https://t.co/QnraAa2swm","1988232814253535388","https://pbs.twimg.com/media/G5efM9Ma8AAjj9T.jpg","","in","","0","1","0","https://x.com/undefined/status/1988232814253535388","1970419034203267083",
"1988232798856192444","Tue Nov 11 13:10:16 +0000 2025","0","Kebijakan pangan kuat banget. Stok beras aman harga stabil dan rakyat kecil gak takut lapar. Semua tertata rapi di era Masa Indah Soeharto Pahlawan Bukan Malaikat","1988232809950179627","","baykugo","in","","0","1","0","https://x.com/undefined/status/1988232809950179627","4717619663",
"1988232788253044758","Tue Nov 11 13:10:10 +0000 2025","0","dulu tiap malam kita bisa tahu harga beras dari TV. Sekarang tiap buka HP yang muncul malah debat harga cabai. Kadang rindu Masa Indah Soeharto saat stabilitas bukan cuma kata di baliho. Pahlawan Bukan Malaikat https://t.co/CAetPMD487","1988232788253044758","https://pbs.twimg.com/media/G5efLzKbcAMTFq8.jpg","","in","","0","1","0","https://x.com/undefined/status/1988232788253044758","1018878157",
"1988232774780936227","Tue Nov 11 13:10:07 +0000 2025","0","Pada era Orde Baru Harmoko rutin muncul di TV mengumumkan harga bahan pokok seperti beras gula dan minyak. Kebijakan ini membuat harga-harga tetap stabil dan terjangkau bagi masyarakat. Banyak yang mengenang masa tersebut sebagai Masa Indah Soeharto Pahlawan Bukan Malaikat","1988232774780936227","","","in","","0","1","0","https://x.com/undefined/status/1988232774780936227","1958135950997073922",
"1988232749191455039","Tue Nov 11 13:10:01 +0000 2025","0","Masa Indah Soeharto terasa saat setiap keluarga bisa membeli kebutuhan pokok tanpa khawatir. Harga beras minyak dan gula diumumkan rutin di TV membuat hidup sehari-hari lebih tenang dan teratur. Pahlawan Bukan Malaikat https://t.co/ilJ45YVWxW","1988232749191455039","https://pbs.twimg.com/media/G5efJWjbcAAB6V1.jpg","","in","","0","1","0","https://x.com/undefined/status/1988232749191455039","1930128121367539716",
"1988232705147105560","Tue Nov 11 13:09:55 +0000 2025","0","Salah satu ciri Masa Indah Soeharto adalah rasa aman. Tak ada berita harga cabai melambung atau beras langka. Televisi lebih banyak menayangkan kabar pembangunan daripada pertikaian politik. Rakyat diajak fokus bekerja bukan sibuk marah tiap hari. Pahlawan Bukan Malaikat","1988232721446138209","","sheila_moga","in","","0","1","0","https://x.com/undefined/status/1988232721446138209","1984454325306081283",
"1988232720955437559","Tue Nov 11 13:09:54 +0000 2025","0","Masih ingat saat setiap malam Harmoko muncul di TV baca harga bahan pokok? Dari beras minyak sampai cabe semua diumumkan biar rakyat tahu dan harga tetap stabil. Itulah bukti nyata betapa teraturnya ekonomi di Masa Indah Soeharto Pahlawan Bukan Malaikat https://t.co/TYB7GTcUIL","1988232720955437559","https://pbs.twimg.com/media/G5efHnbbQAAlSD1.jpg","","in","","0","1","0","https://x.com/undefined/status/1988232720955437559","1970419034203267083",
"1988232705549758582","Tue Nov 11 13:09:51 +0000 2025","0","Masa Indah Soeharto terasa ketika kebutuhan pokok mudah dijangkau. Harga beras minyak dan gula diumumkan rutin di TV membuat keluarga bisa merencanakan belanja tanpa cemas meski penghasilan terbatas. Pahlawan Bukan Malaikat https://t.co/7uP59nxhVN","1988232705549758582","https://pbs.twimg.com/media/G5efG29b0AAxggf.jpg","","in","","0","1","0","https://x.com/undefined/status/1988232705549758582","1930128121367539716",
"1988232705419735475","Tue Nov 11 13:09:51 +0000 2025","0","di Masa Indah Soeharto rakyat tidak takut belanja karena harga beras minyak dan gula selalu diumumkan dengan jujur di tv Pahlawan Bukan Malaikat https://t.co/Vu7igMJxpu","1988232705419735475","https://pbs.twimg.com/media/G5efGu-a8AAc54I.jpg","","in","","0","0","0","https://x.com/undefined/status/1988232705419735475","1900009393573552129",
"1988232678253228493","Tue Nov 11 13:09:49 +0000 2025","0","Ketika harga beras diumumkan di TV setiap orang merasa aman karena di Masa Indah Soeharto pemerintah benar-benar hadir Pahlawan Bukan Malaikat","1988232698004205877","","leluwemende","in","","0","1","0","https://x.com/undefined/status/1988232698004205877","1888623934901563392",
"1988232678618095978","Tue Nov 11 13:09:45 +0000 2025","0","Harga beras diumumin di TV bukan di grup WA. Semua tenang nggak ada drama. Damainya Masa Indah Soeharto Pahlawan Bukan Malaikat","1988232681159881218","","BahtiarBeben","in","","0","1","0","https://x.com/undefined/status/1988232681159881218","1986285574286942209",
"1988232646946943001","Tue Nov 11 13:09:37 +0000 2025","0","Dulu setiap malam rakyat menunggu berita di televisi. Harmoko membacakan harga beras gula minyak. Bukan sekadar angka tapi simbol kestabilan. Itulah Masa Indah Soeharto Pahlawan Bukan Malaikat https://t.co/yReVd1ioav","1988232646946943001","https://pbs.twimg.com/ext_tw_video_thumb/1988232544731762688/pu/img/udwdmmpBBoZUkApx.jpg","","in","","0","0","0","https://x.com/undefined/status/1988232646946943001","1982007351789158400",
"1988232626977824908","Tue Nov 11 13:09:36 +0000 2025","0","Kesederhanaan hidup tetap terasa cukup pada Masa Indah Soeharto karena harga beras gula minyak tanah dan kebutuhan harian lainnya stabil bertahun tahun sehingga perencanaan belanja rumah tangga berlangsung mudah Pahlawan Bukan Malaikat","1988232643943821670","","LukmanhakimAri4","in","","0","1","0","https://x.com/undefined/status/1988232643943821670","1618486305725485056",
"1988232602025910762","Tue Nov 11 13:09:26 +0000 2025","0","Dulu suara di televisi bukan kabar gaduh tapi Harmoko yang menyebut harga beras dan gula dengan tenang. Setiap kata menenangkan setiap angka berarti pasti. Begitulah damainya hidup di Masa Indah Soeharto. Pahlawan Bukan Malaikat https://t.co/KJFZX8mTV2","1988232602025910762","","","in","","0","1","0","https://x.com/undefined/status/1988232602025910762","1718779748044935168",
"1988232598959874268","Tue Nov 11 13:09:25 +0000 2025","0","Dulu setiap minggu rakyat menunggu pengumuman harga bahan pokok dari Harmoko di TV. Semua jelas dan stabil. Tak perlu takut besok beras naik atau minyak goreng langka. Begitulah tenangnya hidup di Masa Indah Soeharto Pahlawan Bukan Malaikat https://t.co/vhMsy3yxuA","1988232598959874268","https://pbs.twimg.com/media/G5efAeSbcAIDVGq.jpg","","in","","0","1","0","https://x.com/undefined/status/1988232598959874268","1981536675500347393",
"1988232596116160714","Tue Nov 11 13:09:25 +0000 2025","0","Masih teringat tenangnya hidup di Masa Indah Soeharto Setiap sore rakyat menunggu Harmoko di TV mengumumkan harga beras minyak dan gula. Bukan sekadar berita ekonomi tapi simbol kepastian hidup. Negara hadir bukan lewat wacana tapi lewat kestabilan Pahlawan Bukan Malaikat https://t.co/P2LdJQrEpo","1988232596116160714","https://pbs.twimg.com/amplify_video_thumb/1988232483415228417/img/6e2qpespFyN81AoS.jpg","","in","","0","1","0","https://x.com/undefined/status/1988232596116160714","2551307850",
"1988232592240635927","Tue Nov 11 13:09:24 +0000 2025","0","Ingat saat harga beras diumumkan di TV tiap minggu? Semua orang bisa menghitung pengeluaran dengan pasti. Masa Indah Soeharto memang penuh keteraturan. Pahlawan Bukan Malaikat https://t.co/8GbzwzJZUw","1988232592240635927","https://pbs.twimg.com/media/G5efATXbUAATv7t.jpg","","in","","0","0","0","https://x.com/undefined/status/1988232592240635927","1977302531970826240",
"1988232586813206831","Tue Nov 11 13:09:22 +0000 2025","0","Orang tua dulu sering bilang di Masa Indah Soeharto gak ada istilah beras mahal. Pemerintah selalu turun tangan sebelum harga melambung. Rakyat tenang dapur ngebul tiap hari gak ada drama harga tiba-tiba melonjak. Pahlawan Bukan Malaikat https://t.co/Oa8YygJ94f","1988232586813206831","","","in","","0","1","0","https://x.com/undefined/status/1988232586813206831","3210593261",
"1988232558480683371","Tue Nov 11 13:09:19 +0000 2025","0","Warung ramai harga beras terjaga minyak murah. Semua terasa mudah di Masa Indah Soeharto saat ekonomi rakyat benar-benar hidup. Pahlawan Bukan Malaikat","1988232571986341995","","Andry_Lesmana14","in","","0","1","0","https://x.com/undefined/status/1988232571986341995","1985841954148794371",
"1988232538201243676","Tue Nov 11 13:09:13 +0000 2025","0","Di Masa Indah Suharto harga beras gula dan minyak diumumkan rutin agar rakyat tahu negara tidak tinggal diam Pahlawan Bukan Malaikat","1988232547747459152","","Cinta97289","in","","0","1","0","https://x.com/undefined/status/1988232547747459152","1882356560103669760",
"1988232545847439434","Tue Nov 11 13:09:13 +0000 2025","0","1/7 Setiap hari kita tahu berapa harga beras gula minyak. Masa Indah Soeharto memberikan kepastian. Pahlawan Bukan Malaikat https://t.co/9lJbbGTYVI","1988232545847439434","https://pbs.twimg.com/media/G5ee9o0akAA9s1-.jpg","","in","","0","1","0","https://x.com/undefined/status/1988232545847439434","1625004038860460033",
"1988232533142831373","Tue Nov 11 13:09:10 +0000 2025","0","Dulu setiap sore rakyat nunggu pengumuman harga bahan pokok dari Pak Harmoko di TV. Harga beras minyak dan gula selalu stabil. Semua orang bisa hidup layak tanpa harus takut harga melonjak. Itulah kenangan nyata dari Masa Indah Soeharto Pahlawan Bukan Malaikat https://t.co/g0iWiZpYFo","1988232533142831373","https://pbs.twimg.com/media/G5ee8mPaMAA1VDS.jpg","","in","","0","1","0","https://x.com/undefined/status/1988232533142831373","1981536675500347393",
"1988232501828218933","Tue Nov 11 13:09:02 +0000 2025","0","Harmoko malam ini umumkan harga beras Rp 375 per kg pasar langsung patuh Masa Indah Soeharto Pahlawan Bukan Malaikat https://t.co/VUMX7IHo04","1988232501828218933","https://pbs.twimg.com/media/G5edz4GbcAMCjiL.jpg","","in","","0","1","0","https://x.com/undefined/status/1988232501828218933","1830820222934392832",
"1988232481167090168","Tue Nov 11 13:09:01 +0000 2025","0","Harga beras gula minyak semuanya stabil Masa Indah Soeharto ngingetin bahwa Pahlawan Bukan Malaikat pun bisa bikin rakyat kecil nyaman tanpa janji manis.","1988232497076011192","","AminahGuita","in","","0","1","0","https://x.com/undefined/status/1988232497076011192","1939595702528798720",
"1988232468944793694","Tue Nov 11 13:08:54 +0000 2025","0","Salah satu bukti keberhasilan Masa Indah Soeharto adalah peran Bulog yang kuat menjaga stok dan harga beras sehingga selalu terjangkau dan tersedia. Pahlawan Bukan Malaikat mari renungkan kembali https://t.co/lpze80JPxh","1988232468944793694","","","in","","0","1","0","https://x.com/undefined/status/1988232468944793694","1911018593879543808",
"1988232444861169751","Tue Nov 11 13:08:51 +0000 2025","0","Petani senang karena pupuk murah buruh tenang karena harga beras tak melonjak. Itulah keseimbangan nyata yang tercipta di Masa Indah Soeharto Pahlawan Bukan Malaikat","1988232454516469919","","acaciavia_","in","","0","1","0","https://x.com/undefined/status/1988232454516469919","1626832485605855234",
"1988232434018841081","Tue Nov 11 13:08:48 +0000 2025","0","Kesederhanaan hidup tetap terasa cukup pada Masa Indah Soeharto karena harga beras gula minyak tanah dan kebutuhan harian lainnya stabil bertahun tahun sehingga perencanaan belanja rumah tangga berlangsung mudah Pahlawan Bukan Malaikat","1988232440754958847","","LukmanhakimAri4","in","","0","1","0","https://x.com/undefined/status/1988232440754958847","1618486305725485056",
"1988232408119066812","Tue Nov 11 13:08:43 +0000 2025","0","Petani dulu bangga menanam karena hasil panen dibeli dengan harga yang adil. Swasembada beras bukan sekadar slogan tapi kenyataan di Masa Indah Soeharto ketika pangan jadi prioritas nasional. Pahlawan Bukan Malaikat","1988232422786560028","","udinmlorok","in","","0","1","0","https://x.com/undefined/status/1988232422786560028","1982313253243076608",
"1988232421561823620","Tue Nov 11 13:08:43 +0000 2025","0","Dulu di Masa Indah Soeharto rakyat tak perlu pusing memantau harga bahan pokok setiap minggu dilaporkan secara rutin di televisi oleh Harmoko dan semua tenang karena harga beras minyak dan gula tetap terjangkau. Pahlawan Bukan Malaikat https://t.co/fKRULCCmc4","1988232421561823620","https://pbs.twimg.com/media/G5ee2cRa0AERlxe.jpg","","in","","0","1","0","https://x.com/undefined/status/1988232421561823620","1985326533515579392",
"1988232407418585541","Tue Nov 11 13:08:41 +0000 2025","0","Suara Harmoko di TV jadi tanda malam dimulai. Harga beras minyak gula semuanya terjaga. Negeri terasa damai dalam keteraturan. Itulah Masa Indah Soeharto Pahlawan Bukan Malaikat","1988232414192357509","","EzyRahardian01","in","","0","1","0","https://x.com/undefined/status/1988232414192357509","1985934307236753408",
"1988232408119066812","Tue Nov 11 13:08:40 +0000 2025","0","Masih ingat dulu tiap malam kita dengar Pak Harmoko di TV umumkan harga beras gula dan minyak? Semua jelas rakyat tahu tanpa harus menebak. Di Masa Indah Soeharto harga bukan teka-teki tapi kepastian dari negara. Pahlawan Bukan Malaikat https://t.co/FFF9CsiM1l","1988232408119066812","","","in","","0","1","0","https://x.com/undefined/status/1988232408119066812","1982313253243076608",
"1988232379585163276","Tue Nov 11 13:08:37 +0000 2025","0","Petani menanam dengan semangat karena harga gabah dijamin. Lumbung desa penuh beras tak perlu impor. Bangga jadi bagian dari Masa Indah Soeharto Pahlawan Bukan Malaikat","1988232397251633637","","americano_3ss","in","","0","1","0","https://x.com/undefined/status/1988232397251633637","1959812542559305729",
"1988232396219838622","Tue Nov 11 13:08:37 +0000 2025","0","Dulu setiap mlm minggu org nunggu TVRI bkn buat hiburan aja tapi buat lihat Harmoko ngumumin harga sembako resmi dari pemerintah. orang2 tahu harga minyak goreng beras gula semua stabil dan terjangkau. Itulah yang bikin orang rindu Masa Indah Soeharto Pahlawan Bukan Malaikat https://t.co/FYkYRz2X15","1988232396219838622","https://pbs.twimg.com/media/G5ee0rRawAAVzme.jpg","","in","","0","1","0","https://x.com/undefined/status/1988232396219838622","1981525577652981770",
"1988232379602006255","Tue Nov 11 13:08:36 +0000 2025","0","Di Masa Indah Suharto harga beras gula dan minyak diumumkan rutin agar rakyat tahu negara tidak tinggal diam Pahlawan Bukan Malaikat","1988232392432382072","","luisyandra980","in","","0","1","0","https://x.com/undefined/status/1988232392432382072","1944588348481478656",
"1988232384907710640","Tue Nov 11 13:08:35 +0000 2025","0","Beras tak pernah langka minyak dan gula mudah dibeli. Penghasilan kecil tapi kebutuhan tercukupi. Rakyat hidup tanpa rasa takut pada harga-harga di Masa Indah Soeharto Pahlawan Bukan Malaikat","1988232387453743273","","Menantii77","in","","0","1","0","https://x.com/undefined/status/1988232387453743273","1925218463733403648",
"1988232379841057134","Tue Nov 11 13:08:33 +0000 2025","0","Waktu dulu tuh ya tiap sore nungguin Harmoko di TV buat umumin harga bahan pokok. Enak banget harga stabil di Masa Indah Soeharto. Gaji emang gak gede tapi beras minyak gula kebeli semua. Sekarang? Tiap ke pasar auto nangis dompet Pahlawan Bukan Malaikat https://t.co/9NEA3gIUjZ","1988232379841057134","https://pbs.twimg.com/media/G5eez_sbMAAy2Tn.jpg","","in","","0","1","0","https://x.com/undefined/status/1988232379841057134","1984445474057961477",
"1988232379585163276","Tue Nov 11 13:08:33 +0000 2025","0","Dulu pagi diawali suara berita di TVRI. Harga beras tetap stabil kata Harmoko dengan nada tenang. Dan rakyat percaya karena memang begitu adanya. Hidup sederhana tapi pasti itulah Masa Indah Soeharto Pahlawan Bukan Malaikat https://t.co/Y0CLt4ycoj","1988232379585163276","https://pbs.twimg.com/media/G5eey1KboAA5Bo6.jpg","","in","","0","1","0","https://x.com/undefined/status/1988232379585163276","1959812542559305729",
"1988232312866369578","Tue Nov 11 13:08:33 +0000 2025","0","Semua orang mampu membeli beras minyak goreng dan gula dengan harga stabil. Inilah definisi Masa Indah Soeharto . Pahlawan Bukan Malaikat mari bersyukur","1988232379438428370","","azikrarams","in","","0","0","0","https://x.com/undefined/status/1988232379438428370","1916413752905523200",
"1988232362787041638","Tue Nov 11 13:08:31 +0000 2025","0","Orang tua mengenang Masa Indah Soeharto sebagai masa ketika harga beras gula minyak tanah dan kebutuhan harian lain stabil sehingga rencana belanja bulanan dapat diprediksi dengan mudah Pahlawan Bukan Malaikat","1988232369476956268","","AripHakim148322","in","","0","1","0","https://x.com/undefined/status/1988232369476956268","1968526089283846144",
"1988232350464164291","Tue Nov 11 13:08:26 +0000 2025","0","Orang tua mengenang Masa Indah Soeharto sebagai masa ketika harga beras gula minyak tanah dan kebutuhan harian lain stabil sehingga rencana belanja bulanan dapat diprediksi dengan mudah Pahlawan Bukan Malaikat","1988232350464164291","","","in","","0","1","0","https://x.com/undefined/status/1988232350464164291","1968526089283846144",
"1988232337155584330","Tue Nov 11 13:08:24 +0000 2025","0","Di Masa Indah Soeharto hidup terasa ringan. Rakyat tahu berapa harga minyak gula dan beras tanpa rasa khawatir. Pahlawan Bukan Malaikat","1988232340712374384","","sl33pyinsomni4c","in","","0","1","0","https://x.com/undefined/status/1988232340712374384","1600971772118999041",
"1988232328842461657","Tue Nov 11 13:08:22 +0000 2025","0","Salah satu hal ajaib di Masa Indah Soeharto adalah stabilitas harga. Coba bandingkan dengan hari ini. Dulu hampir mustahil harga beras naik mendadak tanpa pemberitahuan. Kebijakan pemerintah menjamin ketersediaan dan keterjangkauan.","1988232333682766115","","mikoyyi","in","","0","1","0","https://x.com/undefined/status/1988232333682766115","1748032985633558528",
"1988232308659524066","Tue Nov 11 13:08:21 +0000 2025","0","Ketika harga beras diumumkan di TV setiap orang merasa aman karena di Masa Indah Soeharto pemerintah benar-benar hadir Pahlawan Bukan Malaikat","1988232330415386637","","Whatever6227148","in","","0","1","0","https://x.com/undefined/status/1988232330415386637","1876112928765865984",
"1988232313889788022","Tue Nov 11 13:08:21 +0000 2025","0","Di Masa Indah Suharto harga beras gula dan minyak diumumkan rutin agar rakyat tahu negara tidak tinggal diam Pahlawan Bukan Malaikat","1988232327563272312","","luisyandra980","in","","0","1","0","https://x.com/undefined/status/1988232327563272312","1944588348481478656",
"1988232308676325453","Tue Nov 11 13:08:21 +0000 2025","0","Transportasi murah sekolah negeri mudah dan harga beras terjaga. Masa Indah Soeharto bukan sekadar nostalgia tapi fakta bahwa stabilitas itu pernah nyata. Pemerintah hadir langsung dalam kehidupan rakyat kecil. Pahlawan Bukan Malaikat","1988232327433224240","","viallenan","in","","0","1","0","https://x.com/undefined/status/1988232327433224240","1981525577652981770",
"1988232308676325453","Tue Nov 11 13:08:16 +0000 2025","1","Zaman dulu hidup terasa ringan harga sembako diumumkan rutin tiap minggu oleh Harmoko di TV. Warga tahu harga beras minyak dan gula dan semuanya stabil. Itulah salah satu ciri Masa Indah Soeharto saat rakyat kecil merasa tenang setiap akhir bulan. Pahlawan Bukan Malaikat https://t.co/hhXicl9N5a","1988232308676325453","https://pbs.twimg.com/media/G5eevk9bsAARxiH.jpg","","in","","0","1","0","https://x.com/undefined/status/1988232308676325453","1981525577652981770",
"1988232298031198545","Tue Nov 11 13:08:14 +0000 2025","0","Masa Indah Soeharto adalah ketika setiap sore Harmoko muncul di TVRI mengumumkan harga beras gula minyak goreng yang tetap terjangkau bagi buruh tani dan pedagang kecil Pahlawan Bukan Malaikat https://t.co/KZnlyn9CIq","1988232298031198545","https://pbs.twimg.com/media/G5eevORbUAAA8jl.jpg","","in","","0","1","0","https://x.com/undefined/status/1988232298031198545","1946738325517385728",
"1988232274098507860","Tue Nov 11 13:08:11 +0000 2025","0","Harga pupuk beras dan minyak tanah dijaga agar petani dan nelayan tak tercekik. Kebijakan ini nyata terasa di Masa Indah Soeharto Pahlawan Bukan Malaikat","1988232288216432699","","rebahan______","in","","0","1","0","https://x.com/undefined/status/1988232288216432699","1654294139754909697",
"1988232271409856755","Tue Nov 11 13:08:07 +0000 2025","0","Dulu tiap sore berita di TV selalu ditutup dengan laporan harga bahan pokok dari Pak Harmoko. Rakyat tahu harga beras gula minyak tanpa perlu menebak-nebak. Masa Indah Soeharto bikin ekonomi rumah tangga terasa pasti dan terukur. Pahlawan Bukan Malaikat https://t.co/amBB2Phgdk","1988232271409856755","https://pbs.twimg.com/media/G5eetrgbsAEh5VL.jpg","","in","","0","1","0","https://x.com/undefined/status/1988232271409856755","1982313253243076608",
"1988232264166310333","Tue Nov 11 13:08:06 +0000 2025","0","Di Masa Indah Soeharto kestabilan ekonomi menjadi ciri utama. Setiap minggu Harmoko mengumumkan harga bahan pokok di TV agar rakyat tahu dan tenang. Harga beras minyak dan gula selalu terjaga Pahlawan Bukan Malaikat https://t.co/dvnmoFOAHD","1988232264166310333","","","in","","0","1","0","https://x.com/undefined/status/1988232264166310333","1675254742975660032",
"1988232260894801944","Tue Nov 11 13:08:05 +0000 2025","0","Di Masa Indah Soeharto nggak perlu takut harga tiba-tiba melonjak. Rakyat tahu persis harga beras gula minyak. Semua dikontrol dan diumumkan rutin bikin hati tenang tiap hari. Pahlawan Bukan Malaikat https://t.co/OHojXDSwhk","1988232260894801944","","","in","","0","1","0","https://x.com/undefined/status/1988232260894801944","3986177129",
"1988232257774240159","Tue Nov 11 13:08:04 +0000 2025","0","Banyak yang masih inget gimana tenangnya hidup di Masa Indah Soeharto harga beras gula minyak goreng diumumin rutin di TV sama Harmoko dan rakyat bisa belanja dengan tenang. Pahlawan Bukan Malaikat https://t.co/aU9GbnEPx4","1988232257774240159","https://pbs.twimg.com/media/G5ees4hbcAM7ahY.jpg","","in","","0","0","0","https://x.com/undefined/status/1988232257774240159","1945826339946479616",
"1988232252929761338","Tue Nov 11 13:08:03 +0000 2025","0","Dulu setiap minggu rakyat tahu pasti harga beras gula dan minyak semua diumumkan langsung oleh Pak Harmoko di TVRI. Stabil terjangkau dan bikin tenang. Itulah yang disebut Masa Indah Soeharto ketika dapur rakyat tak pernah kosong. Pahlawan Bukan Malaikat https://t.co/46pqr63FvT","1988232252929761338","https://pbs.twimg.com/media/G5eeqg5bYAAJyxc.jpg","","in","","0","1","0","https://x.com/undefined/status/1988232252929761338","1555186971135574022",
"1988232243865846139","Tue Nov 11 13:08:01 +0000 2025","0","Rakyat kecil tetap bisa membeli beras dan minyak di Masa Indah Soeharto meski gaji belum besar karena harga diatur dengan bijak. Pahlawan Bukan Malaikat https://t.co/GzxJiGNiv8","1988232243865846139","","","in","","0","1","0","https://x.com/undefined/status/1988232243865846139","1600971772118999041",
"1988232232935583811","Tue Nov 11 13:07:59 +0000 2025","0","Gaji mungkin tidak sebesar sekarang tapi daya belinya kuat. Beras minyak gula harganya stabil. Tak perlu khawatir gejolak harga yang mencekik. Itu adalah salah satu bukti Masa Indah Soeharto Kebutuhan dasar rakyat kecil selalu aman terbeli. Pahlawan Bukan Malaikat","1988232235733184624","","gudelclorot","in","","0","1","0","https://x.com/undefined/status/1988232235733184624","1920452626350776320",
"1988232218561704229","Tue Nov 11 13:07:58 +0000 2025","0","Warung nasi tetap ramai harga beras terkendali minyak goreng murah. Semua itu bagian dari Masa Indah Soeharto yang tak terlupakan. Pahlawan Bukan Malaikat","1988232233963192551","","Andry_Lesmana14","in","","0","1","0","https://x.com/undefined/status/1988232233963192551","1985841954148794371",
"1988232199821554086","Tue Nov 11 13:07:54 +0000 2025","0","Masa Indah Soeharto membawa rasa aman bagi rakyat kecil karena harga beras dan minyak tak pernah melonjak Pahlawan Bukan Malaikat","1988232217085227126","","AnakWlid","in","","0","1","0","https://x.com/undefined/status/1988232217085227126","1915242838776045571",
"1988232193991442594","Tue Nov 11 13:07:49 +0000 2025","0","Setiap minggu Harmoko muncul di TV ngumumin harga beras dan minyak bikin rakyat yakin semuanya aman terkendali di bawah Masa Indah Soeharto. Pahlawan Bukan Malaikat","1988232196415742291","","NahLegi","in","","0","1","0","https://x.com/undefined/status/1988232196415742291","1414734988763746304",
"1988232173565210736","Tue Nov 11 13:07:44 +0000 2025","0","Bagi generasi yang pernah mengalaminya Masa Indah Soeharto bukan mitos Harga sembako diumumkan rutin di TV dan rakyat percaya. Semua terasa teratur tak ada kepanikan tak ada berita hoaks soal harga beras atau minyak Pahlawan Bukan Malaikat https://t.co/c9cyEIIXBM","1988232173565210736","https://pbs.twimg.com/amplify_video_thumb/1988231981528977408/img/tuxn4AFO-txn6xqO.jpg","","in","","0","1","0","https://x.com/undefined/status/1988232173565210736","1859780322533179393",
"1988232163503075777","Tue Nov 11 13:07:42 +0000 2025","0","Bagi banyak orang tua kita Masa Indah Soeharto adalah masa di mana harga sembako diumumkan rutin dan rakyat tidur nyenyak tanpa cemas besok beras naik. Pahlawan Bukan Malaikat https://t.co/pCbm2np9Mi","1988232163503075777","","","in","","0","1","0","https://x.com/undefined/status/1988232163503075777","1985844025119907840",
"1988232162349642231","Tue Nov 11 13:07:41 +0000 2025","0","Tv ri harmoko ngumumin harga beras tetap ibuibu tenang Masa Indah Soeharto dapur terjamin Pahlawan Bukan Malaikat https://t.co/EeNqg1STp5","1988232162349642231","","","in","","0","1","0","https://x.com/undefined/status/1988232162349642231","1709871004800135168",
"1988232141894021567","Tue Nov 11 13:07:40 +0000 2025","0","Harga beras gula dan minyak stabil bertahun-tahun. Itu bukan kebetulan tapi hasil kerja sistem yang disiplin di Masa Indah Soeharto Pahlawan Bukan Malaikat","1988232156611743871","","ayatkursideh","in","","0","1","0","https://x.com/undefined/status/1988232156611743871","4717669277",
"1988232156376953181","Tue Nov 11 13:07:40 +0000 2025","0","Harmoko memastikan harga beras gula minyak terkontrol dan terjangkau. Inilah bentuk nyata subsidi pro-rakyat di Masa Indah Soeharto . Pahlawan Bukan Malaikat mari bersikap adil https://t.co/ePyil1kyW7","1988232156376953181","","","in","","0","1","0","https://x.com/undefined/status/1988232156376953181","732000317617885184",
"1988232140262437002","Tue Nov 11 13:07:40 +0000 2025","0","Petani dihargai panen dibeli dengan harga pantas dan Indonesia pernah swasembada beras. Itulah prestasi yang lahir dari kebijakan pertanian berkelanjutan di Masa Indah Soeharto. Pahlawan Bukan Malaikat","1988232156205003221","","Edygembrut","in","","0","1","0","https://x.com/undefined/status/1988232156205003221","1978034825559932928",
"1988232154258854095","Tue Nov 11 13:07:39 +0000 2025","0","Dulu setiap sore kita tunggu Harmoko umumkan harga bahan pokok di TV. Rasanya tenang ya? Semua harga terkontrol di Masa Indah Soeharto. Gaji memang gak besar tapi beras minyak gula semua kebeli. Sekarang? Mikir keras tiap mau ke pasar Pahlawan Bukan Malaikat https://t.co/DN8WA7jH2m","1988232154258854095","https://pbs.twimg.com/media/G5eem3yagAA4qdS.jpg","","in","","0","1","0","https://x.com/undefined/status/1988232154258854095","1984445474057961477",
"1988232153755459686","Tue Nov 11 13:07:39 +0000 2025","0","Dulu tiap malam nonton TV sambil dengar harga beras diumumkan. Semua stabil. Masa Indah Soeharto Pahlawan Bukan Malaikat https://t.co/Myf5zE9HbC","1988232153755459686","https://pbs.twimg.com/media/G5eem2PaQAANJu_.jpg","","in","","0","1","0","https://x.com/undefined/status/1988232153755459686","1940205015064616960",
"1988232133358612865","Tue Nov 11 13:07:37 +0000 2025","0","Harga minyak gula dan beras tidak pernah jauh dari jangkauan buruh harian. Sebuah potret kemudahan hidup di Masa Indah Soeharto . Pahlawan Bukan Malaikat Beliau telah sukses membangun.","1988232145870168540","","axizine","in","","0","1","0","https://x.com/undefined/status/1988232145870168540","2754841367",
"1988232141017354277","Tue Nov 11 13:07:36 +0000 2025","0","Dulu hidup terasa sederhana tapi cukup. Beras gula minyak goreng semua diumumkan rutin di TV oleh Harmoko. Rakyat tahu harga pedagang tahu batas. Begitulah ketertiban ekonomi di Masa Indah Soeharto. Pahlawan Bukan Malaikat https://t.co/gHDwEsEIJ7","1988232141017354277","https://pbs.twimg.com/media/G5eek9eaAAAK4I-.jpg","","in","","0","1","0","https://x.com/undefined/status/1988232141017354277","1555186971135574022",
"1988232140262437002","Tue Nov 11 13:07:36 +0000 2025","0","Dulu tiap malam rakyat bisa dengar Pak Harmoko umumkan harga bahan pokok di TV. Beras gula minyak semua disampaikan terbuka dan stabil. Masa Indah Soeharto membuat rakyat merasa negara benar-benar mengurus kebutuhan dasarnya. Pahlawan Bukan Malaikat https://t.co/NxhF5K3LvA","1988232140262437002","https://pbs.twimg.com/media/G5eemDlaoAAQgV3.jpg","","in","","0","1","0","https://x.com/undefined/status/1988232140262437002","1978034825559932928",
"1988232116132581408","Tue Nov 11 13:07:35 +0000 2025","0","G. Dulu setiap malam rakyat tenang nonton TV sambil dengar Harmoko umumkan harga beras gula minyak semua stabil. Hidup terasa sederhana tapi cukup. Itulah yang disebut Masa Indah Soeharto Pahlawan Bukan Malaikat","1988232138303648215","","LamaMemori42904","in","","0","0","0","https://x.com/undefined/status/1988232138303648215","1967152742352470016",
"1988232127629185408","Tue Nov 11 13:07:34 +0000 2025","0","Baheula mah Harmoko nyebut harga beras ayeuna nu trending malah klarifikasi artis. Jigana urang butuh saeutik rasa tina Masa Indah Soeharto supaya teu poho kumaha carana hirup tenang. Pahlawan Bukan Malaikat","1988232132939108853","","SajatiSunda","in","","0","1","0","https://x.com/undefined/status/1988232132939108853","892385822699249665",
"1988232116132581408","Tue Nov 11 13:07:34 +0000 2025","0","E. Petani senang karena pupuk dan beras dijaga harganya. Pasar ramai tapi tak ada yang khawatir harga melonjak. Begitulah suasana Masa Indah Soeharto Pahlawan Bukan Malaikat","1988232130045112365","","LamaMemori42904","in","","0","1","0","https://x.com/undefined/status/1988232130045112365","1967152742352470016",
"1988232117713858691","Tue Nov 11 13:07:31 +0000 2025","0","Dulu rakyat tidak takut tanggal tua. Harga beras gula dan minyak selalu diumumkan di TV oleh Harmoko. Semua terjangkau semua terkendali. Begitulah tenangnya hidup di Masa Indah Soeharto Pahlawan Bukan Malaikat https://t.co/wz2F5Lbnm5","1988232117713858691","https://pbs.twimg.com/media/G5eekBXbcAAFPXP.jpg","","in","","0","1","0","https://x.com/undefined/status/1988232117713858691","1924369476063281152",
"1988232113116836113","Tue Nov 11 13:07:30 +0000 2025","0","Masa Indah Soeharto harga beras gula minyak hingga BBM semua terkendali karena pemerintah benar-benar menjaga kestabilan ekonomi. Pahlawan Bukan Malaikat","1988232115675398533","","tobixcodua","in","","0","1","0","https://x.com/undefined/status/1988232115675398533","1942971270037192704",
"1988232097878958228","Tue Nov 11 13:07:30 +0000 2025","0","Di Masa Indah Soeharto rakyat percaya harga beras minyak dan gula selalu diumumkan dengan jujur Pahlawan Bukan Malaikat","1988232113922207786","","gowikgatel","in","","0","0","0","https://x.com/undefined/status/1988232113922207786","1930434913293217793",
"1988232112257069486","Tue Nov 11 13:07:29 +0000 2025","0","Dulu setiap malam Harmoko muncul di TVRI mengumumkan harga beras gula minyak goreng Masa Indah Soeharto membuat rakyat kecil tidur nyenyak tanpa takut harga melonjak Pahlawan Bukan Malaikat https://t.co/tQNNZwJutT","1988232112257069486","https://pbs.twimg.com/media/G5eekcjbkAAa2xw.jpg","","in","","0","1","0","https://x.com/undefined/status/1988232112257069486","1946739243738624000",
"1988232090178253056","Tue Nov 11 13:07:27 +0000 2025","0","Bensin murah listrik nggak bikin pusing dan harga beras stabil. Kata orang tua semua terasa nggak ribet di Masa Indah Soeharto Pahlawan Bukan Malaikat","1988232101251137998","","BahtiarBeben","in","","0","1","0","https://x.com/undefined/status/1988232101251137998","1986285574286942209",
"1988232092996751780","Tue Nov 11 13:07:25 +0000 2025","0","Harmoko memastikan harga beras gula minyak terkontrol dan terjangkau. Inilah bentuk nyata subsidi pro-rakyat di Masa Indah Soeharto . Pahlawan Bukan Malaikat mari bersikap adil https://t.co/o2yqCIVByI","1988232092996751780","","","in","","0","1","0","https://x.com/undefined/status/1988232092996751780","2757778935",
"1988232089679053063","Tue Nov 11 13:07:24 +0000 2025","0","Dulu rakyat tahu persis harga beras gula dan minyak setiap minggu karena Harmoko selalu mengumumkannya di TV Itulah bukti nyata Masa Indah Soeharto ketika urusan dapur rakyat dijaga langsung oleh pemerintah Pahlawan Bukan Malaikat https://t.co/8LoIpbrspF","1988232089679053063","https://pbs.twimg.com/media/G5eeiuSbcAEglSY.jpg","","in","","0","1","0","https://x.com/undefined/status/1988232089679053063","1651572707803410432",
"1988232057399787984","Tue Nov 11 13:07:24 +0000 2025","0","Beras minyak gula bensin semua punya harga tetap dan terjangkau di Masa Indah Soeharto Pengumuman Harmoko di TV adalah momen rakyat merasa diperhatikan. Pahlawan Bukan Malaikat","1988232088555061727","","mahirasweetyy","in","","0","1","0","https://x.com/undefined/status/1988232088555061727","1977717153743970304",
"1988232080510292239","Tue Nov 11 13:07:22 +0000 2025","0","Masa Indah Soeharto dikenal dengan kestabilan harga beras minyak dan gula yang mudah dijangkau semua kalangan Pahlawan Bukan Malaikat tapi kepeduliannya pada rakyat kecil nyata terasa","1988232082880069915","","Dinikamin","in","","0","1","0","https://x.com/undefined/status/1988232082880069915","1507561572180578306",
"1988232055772377403","Tue Nov 11 13:07:21 +0000 2025","0","Di Masa Indah Soeharto semua terasa pasti dari harga beras sampai ongkos angkot tak berubah drastis Pahlawan Bukan Malaikat","1988232078446784575","","BabuKaca","in","","0","0","0","https://x.com/undefined/status/1988232078446784575","1905441302311043072",
"1988232078350315598","Tue Nov 11 13:07:21 +0000 2025","0","Semua jelas transparan dan terkendali. Tak ada yang takut ke pasar karena harga beras gula minyak semua stabil. Itulah Masa Indah Soeharto masa ketika negara hadir sampai ke dapur rakyat Pahlawan Bukan Malaikat https://t.co/fZSNvOQFTI","1988232078350315598","https://pbs.twimg.com/media/G5eeiGWagAA4nxe.jpg","","in","","0","1","0","https://x.com/undefined/status/1988232078350315598","1651572707803410432",
"1988232063863189724","Tue Nov 11 13:07:21 +0000 2025","0","Anak-anak tumbuh dengan rasa aman karena orang tua tak pusing harga beras atau minyak. Itulah keseimbangan hidup yang nyata di Masa Indah Soeharto Pahlawan Bukan Malaikat","1988232077893161338","","Regaxlia","in","","0","1","0","https://x.com/undefined/status/1988232077893161338","3492270615",
